entry_ts,exit_ts,symbol,side,reason,qty,entry_price,exit_price,entry_eff,exit_eff,pnl,return_pct,hold_minutes,mfe,mae,entry_limit
2025-10-13 10:11:00-04:00,2025-10-13 10:14:00-04:00,ACON,long,atr_trail,1,11.253236285714285,11.101862714285714,11.263236285714285,11.091862714285714,-0.17137357142857113,-1.5215304649688677,3.0,0.14666371428571523,-0.2531362857142856,
2025-10-13 10:36:00-04:00,2025-10-13 10:38:00-04:00,AQMS,long,atr_trail,1,8.233749000000001,8.20655357142857,8.243749000000001,8.19655357142857,-0.04719542857143111,-0.572499582064312,2.0,0.586250999999999,-0.22374900000000153,
2025-10-13 10:57:00-04:00,2025-10-13 10:58:00-04:00,AQMS,long,target_R_hit,1,8.523699714285714,9.235205542857143,8.533699714285714,9.225205542857143,0.6915058285714295,8.103236013962679,1.0,1.066300285714286,-0.03369971428571361,
2025-10-13 10:58:00-04:00,2025-10-13 10:59:00-04:00,AQMS,long,target_R_hit,1,8.88413542857143,9.713252685714288,8.89413542857143,9.703252685714288,0.8091172571428586,9.097199650723308,1.0,0.9258645714285709,-0.2640354285714288,
2025-10-13 10:59:00-04:00,2025-10-13 11:01:00-04:00,AQMS,long,atr_trail,1,9.595178142857142,9.323783142857142,9.605178142857142,9.313783142857142,-0.2913949999999996,-3.0337282210293415,2.0,0.21482185714285862,-0.5651781428571425,
2025-10-13 11:16:00-04:00,2025-10-13 11:18:00-04:00,AQMS,long,atr_trail,1,10.48824842857143,10.291159285714285,10.49824842857143,10.281159285714285,-0.21708914285714442,-2.067860599167448,2.0,0.48175157142857117,-0.9782484285714297,
2025-10-13 11:17:00-04:00,2025-10-13 11:19:00-04:00,AQMS,long,atr_trail,1,10.978379,10.540381142857143,10.988379,10.530381142857143,-0.4579978571428569,-4.168020207010126,2.0,-0.2483789999999999,-1.4683790000000005,
2025-10-13 11:32:00-04:00,2025-10-13 11:39:00-04:00,AQMS,long,atr_trail,1,10.859183571428572,11.518167857142858,10.869183571428572,11.508167857142858,0.6389842857142867,5.878861843809147,7.0,1.3608164285714288,-0.1291835714285714,
2025-10-13 11:37:00-04:00,2025-10-13 11:39:00-04:00,AQMS,long,atr_trail,1,11.34908357142857,11.518167857142858,11.35908357142857,11.508167857142858,0.149084285714288,1.3124675487842907,2.0,0.8709164285714301,-0.4190835714285708,
2025-10-13 11:38:00-04:00,2025-10-13 11:40:00-04:00,AQMS,long,atr_trail,1,12.050040714285714,11.542151428571428,12.060040714285714,11.532151428571428,-0.5278892857142861,-4.377176646584413,2.0,0.16995928571428642,-1.0000407142857135,
2025-10-13 12:22:00-04:00,2025-10-13 12:24:00-04:00,AQMS,long,atr_trail,1,12.50990742857143,12.050746714285715,12.519907428571429,12.040746714285715,-0.4791607142857135,-3.8271905524814853,2.0,-0.2099074285714284,-0.9898074285714298,
2025-10-13 13:14:00-04:00,2025-10-13 13:16:00-04:00,AQMS,long,vwap_break,1,11.705649571428571,10.08,11.715649571428571,10.07,-1.6456495714285708,-14.046592648536393,2.0,0.04425042857142891,-1.6256495714285712,
2025-10-13 14:35:00-04:00,2025-10-13 14:36:00-04:00,AQMS,long,vwap_break,1,10.19886642857143,9.83,10.20886642857143,9.82,-0.38886642857142917,-3.8091048726341836,1.0,-0.0588664285714291,-0.4871664285714292,
2025-10-13 16:21:00-04:00,2025-10-13 16:22:00-04:00,AQMS,long,target_R_hit,1,12.004628571428572,13.962205714285716,12.014628571428572,13.952205714285716,1.937577142857144,16.12681683281334,1.0,1.9953714285714277,-0.38452857142857155,
2025-10-13 16:33:00-04:00,2025-10-13 16:40:00-04:00,AQMS,long,atr_trail,1,15.024254571428571,16.030665714285714,15.034254571428571,16.020665714285713,0.9864111428571416,6.561091128067886,7.0,2.425745428571428,-0.32425457142857184,
2025-10-13 16:34:00-04:00,2025-10-13 16:40:00-04:00,AQMS,long,atr_trail,1,17.22759742857143,16.22826314285714,17.23759742857143,16.21826314285714,-1.0193342857142902,-5.913435964252978,6.0,0.2224025714285709,-1.6475974285714283,
2025-10-13 16:48:00-04:00,2025-10-13 16:57:00-04:00,AQMS,long,atr_trail,1,18.020291,18.290080714285715,18.030291000000002,18.280080714285713,0.24978971428571128,1.3853892557014857,9.0,1.7797090000000004,-1.0202910000000003,
2025-10-13 16:49:00-04:00,2025-10-13 16:51:00-04:00,AQMS,long,atr_trail,1,18.77026742857143,17.884313857142857,18.78026742857143,17.874313857142855,-0.9059535714285758,-4.82396523305254,2.0,-0.1952674285714302,-1.7702674285714295,
2025-10-13 17:45:00-04:00,2025-10-13 17:52:00-04:00,AQMS,long,atr_trail,1,17.747561428571426,17.729511428571428,17.757561428571428,17.719511428571426,-0.038050000000001916,-0.21427491693076783,7.0,0.5524385714285742,-0.43756142857142777,
2025-10-13 17:49:00-04:00,2025-10-13 17:52:00-04:00,AQMS,long,atr_trail,1,18.308010857142857,17.922444428571428,18.31801085714286,17.912444428571426,-0.4055664285714329,-2.214030943284917,3.0,-0.008010857142856764,-0.6580108571428589,
2025-10-13 17:59:00-04:00,2025-10-13 18:03:00-04:00,AQMS,long,target_R_hit,1,19.169062,21.586537200000002,19.179062000000002,21.5765372,2.397475199999999,12.500482036087046,4.0,2.8309379999999997,-0.06906199999999885,
2025-10-13 18:00:00-04:00,2025-10-13 18:04:00-04:00,AQMS,long,target_R_hit,1,20.410404857142854,23.006485771428558,20.420404857142856,22.996485771428556,2.5760809142857006,12.615229386035477,4.0,2.7695951428571455,-1.0604048571428528,
2025-10-13 18:02:00-04:00,2025-10-13 18:07:00-04:00,AQMS,long,target_R_hit,1,21.131912571428572,23.354776114285713,21.141912571428573,23.34477611428571,2.2028635428571377,10.419414683580296,5.0,3.3580874285714266,-0.42191257142857097,
2025-10-13 18:04:00-04:00,2025-10-13 18:07:00-04:00,AQMS,long,target_R_hit,1,22.012855428571427,24.394484685714282,22.02285542857143,24.38448468571428,2.3616292571428517,10.723537939040284,3.0,2.477144571428571,-0.5128554285714273,
2025-10-13 18:05:00-04:00,2025-10-13 18:09:00-04:00,AQMS,long,atr_trail,1,23.194626857142858,22.965314285714285,23.20462685714286,22.955314285714284,-0.24931257142857532,-1.0744088795887397,4.0,2.605373142857143,-0.934626857142856,
2025-10-13 19:51:00-04:00,2025-10-13 19:55:00-04:00,AQMS,long,atr_trail,1,23.2,22.808107857142858,23.21,22.798107857142856,-0.4118921428571447,-1.774632239798124,4.0,0.3000000000000007,-0.9100000000000001,
2025-10-13 16:38:00-04:00,2025-10-13 16:41:00-04:00,ATON,long,atr_trail,1,7.503342857142857,7.721285714285715,7.513342857142857,7.711285714285715,0.1979428571428583,2.6345511033704083,3.0,0.4966571428571429,-0.053342857142856914,
2025-10-13 16:39:00-04:00,2025-10-13 16:41:00-04:00,ATON,long,atr_trail,1,8.003914285714286,7.825200000000001,8.013914285714286,7.815200000000001,-0.19871428571428496,-2.479615811071445,2.0,-0.003914285714285981,-0.40391428571428634,
2025-10-13 10:38:00-04:00,2025-10-13 10:39:00-04:00,BLBX,long,vwap_break,1,9.253490571428571,9.28,9.263490571428571,9.27,0.006509428571428444,0.07026971659587211,1.0,0.04650942857142937,-0.10849057142857177,
2025-10-13 10:42:00-04:00,2025-10-13 10:43:00-04:00,BLBX,long,vwap_break,1,9.473810142857143,9.33,9.483810142857143,9.32,-0.1638101428571428,-1.7272608834384862,1.0,-0.05381014285714336,-0.19381014285714393,
2025-10-13 13:04:00-04:00,2025-10-13 13:06:00-04:00,BLBX,long,atr_trail,1,10.553277857142858,10.380818571428572,10.563277857142857,10.370818571428572,-0.1924592857142855,-1.8219655708871185,2.0,-0.06117785714285695,-0.5437778571428584,
2025-10-13 13:31:00-04:00,2025-10-13 13:36:00-04:00,BLBX,long,atr_trail,1,11.223250142857143,11.463725,11.233250142857143,11.453725,0.22047485714285742,1.962698723334766,5.0,0.4767498571428561,-0.4132501428571427,
2025-10-13 13:36:00-04:00,2025-10-13 13:40:00-04:00,BLBX,long,atr_trail,1,11.66,11.430660714285715,11.67,11.420660714285715,-0.2493392857142851,-2.1365834251438343,4.0,0.03999999999999915,-0.5600000000000005,
2025-10-13 14:20:00-04:00,2025-10-13 14:23:00-04:00,BLBX,long,atr_trail,1,11.723689571428572,11.666466428571427,11.733689571428572,11.656466428571427,-0.07722314285714482,-0.6581318040421169,3.0,0.08831042857142712,-0.24368957142857184,
2025-10-13 07:34:00-04:00,2025-10-13 07:39:00-04:00,CHNR,long,atr_trail,1,10.829371428571429,9.904300000000001,10.839371428571429,9.894300000000001,-0.9450714285714277,-8.718876687630795,5.0,0.6706285714285709,-2.0693714285714293,
2025-10-13 11:14:00-04:00,2025-10-13 11:15:00-04:00,CHNR,long,vwap_break,1,7.863888714285714,7.26,7.873888714285714,7.25,-0.6238887142857141,-7.923514503751916,1.0,-0.12388871428571413,-0.643388714285714,
2025-10-13 11:43:00-04:00,2025-10-13 11:45:00-04:00,CHNR,long,atr_trail,1,7.893365428571428,7.914484285714285,7.903365428571428,7.904484285714285,0.0011188571428570881,0.014156717830760002,2.0,0.306634571428571,-0.6933654285714281,
2025-10-13 16:04:00-04:00,2025-10-13 16:08:00-04:00,ELAB,long,target_R_hit,1,7.433788428571428,9.093694485714284,7.443788428571428,9.083694485714284,1.6399060571428565,22.03053019143344,4.0,1.7962115714285725,-0.3337884285714283,
2025-10-13 16:06:00-04:00,2025-10-13 16:11:00-04:00,ELAB,long,atr_trail,1,8.2,8.523097142857143,8.209999999999999,8.513097142857143,0.30309714285714406,3.6918044196972533,5.0,1.0300000000000011,-0.5099999999999989,
2025-10-13 16:09:00-04:00,2025-10-13 16:11:00-04:00,ELAB,long,atr_trail,1,9.239042285714286,8.726068,9.249042285714285,8.716068,-0.5329742857142854,-5.762480798011882,2.0,-0.059042285714285825,-0.8590422857142848,
2025-10-13 17:19:00-04:00,2025-10-13 17:21:00-04:00,ELAB,long,vwap_break,1,8.303578571428572,8.0,8.313578571428572,7.99,-0.3235785714285715,-3.892169523009259,2.0,0.4364214285714283,-0.3035785714285719,
2025-10-13 17:20:00-04:00,2025-10-13 17:21:00-04:00,ELAB,long,vwap_break,1,8.744278571428572,8.0,8.754278571428571,7.99,-0.7642785714285711,-8.730343285201759,1.0,-0.17427857142857128,-0.7442785714285716,
2025-10-13 08:43:00-04:00,2025-10-13 08:45:00-04:00,ELBM,long,atr_trail,1,3.853227857142857,3.682902857142857,3.863227857142857,3.6729028571428572,-0.19032499999999963,-4.926579716184776,2.0,0.05677214285714305,-0.30322785714285727,
2025-10-13 09:35:00-04:00,2025-10-13 09:44:00-04:00,ELBM,long,atr_trail,1,4.483007285714286,5.080445714285714,4.4930072857142855,5.0704457142857144,0.5774384285714289,12.8519361721807,9.0,0.8369927142857145,-0.3330072857142854,
2025-10-13 09:38:00-04:00,2025-10-13 09:44:00-04:00,ELBM,long,atr_trail,1,4.964509428571429,5.080445714285714,4.974509428571428,5.0704457142857144,0.09593628571428603,1.9285577219588568,6.0,0.35549057142857166,-0.19450942857142905,
2025-10-13 09:39:00-04:00,2025-10-13 09:45:00-04:00,ELBM,long,atr_trail,1,5.2050091428571434,4.9988028571428575,5.215009142857143,4.988802857142858,-0.22620628571428547,-4.337600942159692,6.0,0.11499085714285684,-1.2050091428571434,
2025-10-13 10:08:00-04:00,2025-10-13 10:11:00-04:00,ELBM,long,atr_trail,1,4.703658571428572,5.2711435714285715,4.713658571428572,5.261143571428572,0.547485,11.61486331060404,3.0,0.926341428571428,-0.12365857142857184,
2025-10-13 10:10:00-04:00,2025-10-13 10:11:00-04:00,ELBM,long,atr_trail,1,4.9736585714285715,5.2711435714285715,4.983658571428571,5.261143571428572,0.2774850000000004,5.567897479791828,1.0,0.6563414285714284,-0.11365857142857116,
2025-10-13 10:11:00-04:00,2025-10-13 10:13:00-04:00,ELBM,long,atr_trail,1,5.634530142857143,5.393381571428572,5.644530142857143,5.383381571428572,-0.2611485714285706,-4.626577674654476,2.0,-0.09453014285714278,-0.6845301428571426,
2025-10-13 10:40:00-04:00,2025-10-13 10:43:00-04:00,ELBM,long,atr_trail,1,5.324077714285715,5.160811285714287,5.334077714285715,5.150811285714287,-0.18326642857142783,-3.435766000945284,3.0,-0.03407771428571493,-0.26407771428571536,
2025-10-13 11:04:00-04:00,2025-10-13 11:11:00-04:00,ELBM,long,atr_trail,1,5.944571142857143,5.739034999999999,5.954571142857143,5.729035,-0.22553614285714296,-3.7876135400227273,7.0,0.21532885714285754,-0.3445711428571432,
2025-10-13 12:43:00-04:00,2025-10-13 12:45:00-04:00,ELBM,long,atr_trail,1,6.473291428571429,6.267017857142857,6.4832914285714285,6.257017857142857,-0.22627357142857107,-3.4901033513841218,2.0,0.07670857142857113,-0.9432914285714284,
2025-10-13 14:29:00-04:00,2025-10-13 14:32:00-04:00,ELBM,long,atr_trail,1,6.1733524285714285,6.053755714285715,6.183352428571428,6.043755714285715,-0.1395967142857133,-2.257621830524792,3.0,0.07664757142857148,-0.27335242857142816,
2025-10-13 15:02:00-04:00,2025-10-13 15:05:00-04:00,ELBM,long,atr_trail,1,6.593342571428571,6.721668571428571,6.603342571428571,6.7116685714285715,0.10832600000000081,1.640472212795796,3.0,0.35655742857142947,-0.10324257142857096,
2025-10-13 15:03:00-04:00,2025-10-13 15:05:00-04:00,ELBM,long,atr_trail,1,6.953685142857143,6.760840857142858,6.963685142857143,6.750840857142858,-0.2128442857142847,-3.0564892201165317,2.0,-0.023685142857143404,-0.3936851428571435,
2025-10-13 15:26:00-04:00,2025-10-13 15:29:00-04:00,ELBM,long,atr_trail,1,7.494632285714286,7.557040714285715,7.504632285714286,7.547040714285715,0.04240842857142901,0.5650966890430764,3.0,0.41536771428571395,-0.21463228571428594,
2025-10-13 15:28:00-04:00,2025-10-13 15:30:00-04:00,ELBM,long,atr_trail,1,7.914761,7.699230285714286,7.924761,7.689230285714286,-0.23553071428571393,-2.972086026136489,2.0,-0.06476100000000073,-0.7047610000000004,
2025-10-13 15:37:00-04:00,2025-10-13 15:40:00-04:00,ELBM,long,atr_trail,1,8.446016428571427,8.359511428571428,8.456016428571427,8.349511428571429,-0.10650499999999852,-1.2595174205212833,3.0,0.25398357142857186,-0.30601642857142686,
2025-10-13 10:26:00-04:00,2025-10-13 10:28:00-04:00,GWAV,long,atr_trail,1,7.853668428571428,7.707943571428571,7.863668428571428,7.6979435714285716,-0.16572485714285623,-2.107475138965942,2.0,0.146331571428572,-0.15366842857142782,
2025-10-13 18:20:00-04:00,2025-10-13 18:26:00-04:00,GWAV,long,atr_trail,1,10.99,10.943152142857143,11.0,10.933152142857143,-0.06684785714285724,-0.60770779220779,6.0,0.20999999999999908,-0.370000000000001,
2025-10-13 18:35:00-04:00,2025-10-13 18:37:00-04:00,GWAV,long,atr_trail,1,12.306425571428573,12.500706428571428,12.316425571428573,12.490706428571428,0.1742808571428558,1.4150278920789239,2.0,0.6935744285714271,-0.6964255714285734,
2025-10-13 18:37:00-04:00,2025-10-13 18:40:00-04:00,GWAV,long,atr_trail,1,12.897539857142858,12.404597,12.907539857142858,12.394597000000001,-0.5129428571428569,-3.973978487147578,3.0,0.10246014285714189,-1.1875398571428573,
2025-10-13 09:46:00-04:00,2025-10-13 09:48:00-04:00,GWH,long,atr_trail,1,6.674685714285714,6.4664,6.684685714285714,6.4564,-0.22828571428571376,-3.415055307654158,2.0,0.1753142857142853,-0.314685714285714,
2025-10-13 09:57:00-04:00,2025-10-13 09:59:00-04:00,GWH,long,atr_trail,1,7.154827571428572,6.9820021428571435,7.164827571428572,6.972002142857144,-0.19282542857142815,-2.6912780056335905,2.0,0.34517242857142794,-0.5048275714285717,
2025-10-13 10:02:00-04:00,2025-10-13 10:05:00-04:00,GWH,long,atr_trail,1,7.3856275714285715,7.116939,7.395627571428571,7.106939000000001,-0.28868857142857074,-3.9035033692591203,3.0,0.25437242857142817,-0.5756275714285719,
2025-10-13 10:33:00-04:00,2025-10-13 10:35:00-04:00,GWH,long,atr_trail,1,7.093317714285714,6.950654857142857,7.103317714285714,6.9406548571428575,-0.16266285714285633,-2.2899560977783673,2.0,-0.06331771428571376,-0.3533177142857138,
2025-10-13 10:46:00-04:00,2025-10-13 10:53:00-04:00,GWH,long,target_R_hit,1,7.003401142857143,7.76409782857143,7.013401142857143,7.75409782857143,0.7406966857142869,10.561162417875614,7.0,1.236598857142857,-0.06340114285714282,
2025-10-13 10:53:00-04:00,2025-10-13 10:55:00-04:00,GWH,long,atr_trail,1,7.704107142857143,7.672250000000001,7.714107142857142,7.662250000000001,-0.05185714285714127,-0.6722377832820037,2.0,0.5358928571428576,-0.5941071428571423,
2025-10-13 11:44:00-04:00,2025-10-13 11:56:00-04:00,GWH,long,target_R_hit,1,7.993873428571429,9.033995485714286,8.00387342857143,9.023995485714286,1.0201220571428564,12.745354686661159,12.0,1.6461265714285718,-0.3138734285714291,
2025-10-13 11:47:00-04:00,2025-10-13 11:58:00-04:00,GWH,long,atr_trail,1,8.444744857142856,9.305706428571428,8.454744857142856,9.295706428571428,0.8409615714285721,9.946622702849496,11.0,1.3852551428571438,-0.34474485714285663,
2025-10-13 11:57:00-04:00,2025-10-13 11:59:00-04:00,GWH,long,atr_trail,1,9.647399857142858,9.292870571428573,9.657399857142858,9.282870571428573,-0.374529285714285,-3.8781586271099067,2.0,0.182600142857142,-0.5872998571428578,
2025-10-13 12:30:00-04:00,2025-10-13 12:37:00-04:00,GWH,long,atr_trail,1,9.99575142857143,10.324188571428571,10.005751428571429,10.314188571428572,0.30843714285714263,3.0825984940661355,7.0,0.95424857142857,-0.24105142857142958,
2025-10-13 12:36:00-04:00,2025-10-13 12:38:00-04:00,GWH,long,atr_trail,1,10.606129142857142,10.253496285714284,10.616129142857142,10.243496285714285,-0.37263285714285743,-3.5100633397397663,2.0,0.34387085714285703,-0.5861291428571427,
2025-10-13 12:57:00-04:00,2025-10-13 12:59:00-04:00,GWH,long,atr_trail,1,13.491285571428572,12.843934857142857,13.501285571428571,12.833934857142857,-0.667350714285714,-4.942867927317696,2.0,0.3787144285714277,-1.641285571428572,
2025-10-13 12:03:00-04:00,2025-10-13 12:05:00-04:00,LITM,long,atr_trail,1,7.3,7.0493307142857144,7.31,7.039330714285715,-0.27066928571428495,-3.702726206761764,2.0,0.1299999999999999,-0.7000000000000002,
2025-10-13 16:02:00-04:00,2025-10-13 16:03:00-04:00,PSIG,long,atr_trail,1,5.604298,6.287654285714286,5.614298,6.277654285714286,0.6633562857142863,11.815480505564292,1.0,1.0957020000000002,-0.45429799999999965,
2025-10-13 16:03:00-04:00,2025-10-13 16:05:00-04:00,PSIG,long,atr_trail,1,6.706496571428572,6.260630142857143,6.716496571428571,6.250630142857143,-0.46586642857142824,-6.936152257609807,2.0,-0.036496571428571656,-1.6764965714285713,
2025-10-13 08:55:00-04:00,2025-10-13 08:58:00-04:00,STI,long,atr_trail,1,11.959261714285715,11.92607642857143,11.969261714285715,11.91607642857143,-0.05318528571428516,-0.4443489246358956,3.0,0.5407382857142853,-0.4289617142857143,
2025-10-13 08:58:00-04:00,2025-10-13 09:00:00-04:00,STI,long,atr_trail,1,12.420753857142858,11.909187428571428,12.430753857142857,11.899187428571429,-0.5315664285714288,-4.276220369901251,2.0,0.07924614285714249,-1.3207538571428579,
2025-10-13 09:19:00-04:00,2025-10-13 09:27:00-04:00,STI,long,atr_trail,1,11.90854242857143,11.678223571428573,11.91854242857143,11.668223571428573,-0.2503188571428563,-2.100247229416119,8.0,0.3714575714285697,-0.58824242857143,
2025-10-13 09:31:00-04:00,2025-10-13 09:33:00-04:00,STI,long,vwap_break,1,13.009686285714286,11.02,13.019686285714286,11.01,-2.0096862857142863,-15.435750459820163,2.0,-0.2596862857142863,-1.9896862857142867,
2025-10-13 10:27:00-04:00,2025-10-13 10:29:00-04:00,STI,long,atr_trail,1,11.902376142857143,11.29948542857143,11.912376142857143,11.28948542857143,-0.6228907142857132,-5.228937592431626,2.0,-0.062376142857143435,-1.1523761428571433,
2025-10-13 12:01:00-04:00,2025-10-13 12:07:00-04:00,STI,long,atr_trail,1,17.442569,16.827730714285714,17.452569,16.817730714285712,-0.634838285714288,-3.637506235983301,6.0,0.5374310000000015,-1.0825689999999994,
2025-10-13 12:32:00-04:00,2025-10-13 12:39:00-04:00,STI,long,atr_trail,1,18.382378714285714,18.58875,18.392378714285716,18.57875,0.18637128571428363,1.013307134490038,7.0,1.2876212857142875,-0.4023787142857138,
2025-10-13 12:33:00-04:00,2025-10-13 12:35:00-04:00,STI,long,atr_trail,1,19.293693,18.685865142857143,19.303693000000003,18.67586514285714,-0.6278278571428615,-3.2523717463951662,2.0,-0.06369300000000067,-1.013693,
2025-10-13 12:48:00-04:00,2025-10-13 13:01:00-04:00,STI,long,atr_trail,1,20.628284857142855,22.05240357142857,20.638284857142857,22.04240357142857,1.4041187142857119,6.803466101979638,13.0,3.5817151428571457,-1.0782848571428545,
2025-10-13 12:51:00-04:00,2025-10-13 13:01:00-04:00,STI,long,atr_trail,1,21.95148485714286,22.05240357142857,21.96148485714286,22.04240357142857,0.0809187142857084,0.36845739171134095,10.0,2.258515142857142,-0.9514848571428587,
2025-10-13 14:10:00-04:00,2025-10-13 14:21:00-04:00,STI,long,atr_trail,1,23.44005242857143,25.396060714285714,23.450052428571432,25.386060714285712,1.93600828571428,8.255880414814998,11.0,3.5599475714285695,-0.02005242857142875,
2025-10-13 14:20:00-04:00,2025-10-13 14:25:00-04:00,STI,long,atr_trail,1,27.0,25.645917857142855,27.01,25.635917857142854,-1.374082142857148,-5.087308933199363,5.0,0.6980000000000004,-3.5299000000000014,
2025-10-13 17:39:00-04:00,2025-10-13 17:41:00-04:00,STI,long,atr_trail,1,21.006288714285713,20.62758157142857,21.016288714285714,20.61758157142857,-0.3987071428571447,-1.8971339244408303,2.0,-0.15628871428571145,-1.5162887142857144,
2025-10-13 19:48:00-04:00,2025-10-13 19:50:00-04:00,STI,long,atr_trail,1,21.104999714285714,20.805293285714285,21.114999714285716,20.795293285714283,-0.3197064285714326,-1.5141199758346602,2.0,-0.10499971428571442,-0.9649997142857138,
2025-10-13 09:50:00-04:00,2025-10-13 09:55:00-04:00,TAOX,long,atr_trail,1,8.25324942857143,8.665357857142856,8.263249428571429,8.655357857142857,0.3921084285714276,4.7452086731843535,5.0,0.5866505714285708,-0.17324942857142922,
2025-10-13 10:02:00-04:00,2025-10-13 10:06:00-04:00,TAOX,long,atr_trail,1,9.185766,8.954183142857142,9.195765999999999,8.944183142857142,-0.2515828571428571,-2.7358553615093872,4.0,-0.025765999999999067,-0.315766,
2025-10-14 16:48:00-04:00,2025-10-14 16:50:00-04:00,AGRI,long,atr_trail,1,4.733130285714286,4.663208571428572,4.743130285714286,4.653208571428572,-0.0899217142857136,-1.8958305774679385,2.0,0.23686971428571368,-0.25313028571428564,
2025-10-14 10:28:00-04:00,2025-10-14 10:30:00-04:00,AQMS,long,atr_trail,1,18.009311,17.71180357142857,18.019311000000002,17.70180357142857,-0.31750742857143166,-1.762039783715541,2.0,0.7405889999999999,-1.4893110000000007,
2025-10-14 11:05:00-04:00,2025-10-14 11:11:00-04:00,AQMS,long,atr_trail,1,18.378111571428573,18.98189285714286,18.388111571428574,18.97189285714286,0.5837812857142843,3.1747756339556066,6.0,1.2418884285714284,-0.22141157142857182,
2025-10-14 11:06:00-04:00,2025-10-14 11:11:00-04:00,AQMS,long,atr_trail,1,19.458923428571428,19.020816285714286,19.46892342857143,19.010816285714284,-0.4581071428571448,-2.353017333176488,5.0,0.16107657142857335,-0.8489234285714282,
2025-10-14 11:13:00-04:00,2025-10-14 11:20:00-04:00,AQMS,long,atr_trail,1,21.154180142857143,21.131800714285713,21.164180142857145,21.121800714285712,-0.04237942857143295,-0.20024129583746664,7.0,1.8358198571428552,-0.7941801428571438,
2025-10-14 11:41:00-04:00,2025-10-14 11:46:00-04:00,AQMS,long,atr_trail,1,21.753956,21.177084999999998,21.763956,21.167084999999997,-0.5968710000000037,-2.742474759643898,5.0,0.43604400000000254,-1.4239560000000004,
2025-10-14 11:56:00-04:00,2025-10-14 12:04:00-04:00,AQMS,long,target_R_hit,1,23.467342285714285,26.151519657142856,23.477342285714286,26.141519657142855,2.6641773714285684,11.347866121327076,8.0,2.762657714285716,-0.5624422857142832,
2025-10-14 11:57:00-04:00,2025-10-14 12:05:00-04:00,AQMS,long,atr_trail,1,24.404516142857144,24.983602142857144,24.414516142857146,24.973602142857143,0.5590859999999971,2.289973705514403,8.0,1.8254838571428564,-1.1645161428571456,
2025-10-14 12:05:00-04:00,2025-10-14 12:07:00-04:00,AQMS,long,atr_trail,1,26.251253285714284,25.27062614285714,26.261253285714286,25.260626142857138,-1.000627142857148,-3.8102794713208654,2.0,-0.3312532857142827,-2.747853285714285,
2025-10-14 12:31:00-04:00,2025-10-14 12:34:00-04:00,AQMS,long,atr_trail,1,25.403342285714285,24.918983571428573,25.413342285714286,24.90898357142857,-0.5043587142857149,-1.9846217337938787,3.0,0.6766577142857138,-0.7933422857142851,
2025-10-14 13:50:00-04:00,2025-10-14 13:59:00-04:00,AQMS,long,atr_trail,1,23.978410142857143,24.57333285714286,23.988410142857145,24.563332857142857,0.5749227142857123,2.3966686865111164,9.0,1.7915898571428563,-0.9681101428571424,
2025-10-14 13:56:00-04:00,2025-10-14 13:59:00-04:00,AQMS,long,atr_trail,1,24.508391714285715,24.536754285714288,24.518391714285716,24.526754285714286,0.00836257142857022,0.03410734083222344,3.0,1.261608285714285,-1.4980917142857137,
2025-10-14 14:24:00-04:00,2025-10-14 14:26:00-04:00,AQMS,long,atr_trail,1,24.758557,24.836547142857142,24.768557,24.82654714285714,0.05799014285713966,0.23412806348444004,2.0,0.6014429999999997,-0.578557,
2025-10-14 14:26:00-04:00,2025-10-14 14:37:00-04:00,AQMS,long,target_R_hit,1,25.359332285714288,27.326213657142866,25.36933228571429,27.316213657142864,1.9468813714285744,7.674152987167426,11.0,4.040667714285711,-0.7193322857142874,
2025-10-14 14:37:00-04:00,2025-10-14 14:39:00-04:00,AQMS,long,atr_trail,1,29.21,28.29538785714286,29.220000000000002,28.285387857142858,-0.9346121428571443,-3.198535738730812,2.0,0.18999999999999773,-3.75,
2025-10-14 14:57:00-04:00,2025-10-14 15:07:00-04:00,AQMS,long,atr_trail,1,30.721903285714284,30.90991071428572,30.731903285714285,30.899910714285717,0.16800742857143192,0.5466873529096805,10.0,2.178096714285715,-0.8419032857142845,
2025-10-14 15:02:00-04:00,2025-10-14 15:07:00-04:00,AQMS,long,atr_trail,1,31.713374714285717,30.90991071428572,31.72337471428572,30.899910714285717,-0.8234640000000013,-2.5957641878156745,5.0,1.1866252857142818,-1.2733747142857155,
2025-10-14 15:11:00-04:00,2025-10-14 15:15:00-04:00,AQMS,long,atr_trail,1,34.30124442857143,35.979751428571426,34.31124442857143,35.96975142857143,1.6585070000000002,4.8337127598290675,4.0,3.2687555714285708,-1.2122444285714309,
2025-10-14 15:12:00-04:00,2025-10-14 15:15:00-04:00,AQMS,long,atr_trail,1,35.47338871428571,35.979751428571426,35.48338871428571,35.96975142857143,0.4863627142857183,1.3706771870126033,3.0,2.096611285714289,-2.083388714285711,
2025-10-14 15:15:00-04:00,2025-10-14 15:17:00-04:00,AQMS,long,atr_trail,1,37.605338857142854,36.012486714285714,37.61533885714285,36.002486714285716,-1.612852142857136,-4.2877511990055295,2.0,-0.0353388571428539,-4.050838857142857,
2025-10-14 15:34:00-04:00,2025-10-14 15:37:00-04:00,AQMS,long,atr_trail,1,37.02764442857143,36.45989214285714,37.037644428571426,36.449892142857145,-0.5877522857142807,-1.586905146864248,3.0,2.372355571428571,-3.0076444285714246,
2025-10-14 15:37:00-04:00,2025-10-14 15:39:00-04:00,AQMS,long,atr_trail,1,38.752891285714284,36.90302485714285,38.76289128571428,36.893024857142855,-1.8698664285714273,-4.823856958421857,2.0,0.6471087142857144,-4.752891285714284,
2025-10-14 16:01:00-04:00,2025-10-14 16:05:00-04:00,AWX,long,atr_trail,1,6.115611285714286,6.50045,6.125611285714286,6.49045,0.3648387142857139,5.955956022488151,4.0,1.1192887142857133,-0.3256112857142863,
2025-10-14 16:03:00-04:00,2025-10-14 16:05:00-04:00,AWX,long,atr_trail,1,6.89689,6.495175,6.90689,6.485175,-0.42171499999999984,-6.105714728336487,2.0,0.3380099999999997,-0.6268900000000004,
2025-10-14 10:43:00-04:00,2025-10-14 10:47:00-04:00,BLBX,long,atr_trail,1,11.883281571428572,11.76291,11.893281571428572,11.75291,-0.14037157142857204,-1.1802593807733297,4.0,0.046718428571427495,-0.2832815714285726,
2025-10-14 14:39:00-04:00,2025-10-14 14:41:00-04:00,BLBX,long,target_R_hit,1,14.603542714285714,15.151261342857142,14.613542714285714,15.141261342857142,0.5277186285714279,3.6111615019645216,2.0,1.1464572857142858,-0.3335427142857146,
2025-10-14 14:41:00-04:00,2025-10-14 14:42:00-04:00,BLBX,long,atr_trail,1,15.004302714285714,15.455662857142856,15.014302714285714,15.445662857142857,0.43136014285714275,2.872994844087673,1.0,0.7456972857142858,-0.07130271428571433,
2025-10-14 14:42:00-04:00,2025-10-14 14:45:00-04:00,BLBX,long,atr_trail,1,15.755429714285714,15.46478635,15.765429714285714,15.454786350000001,-0.3106433642857134,-1.9704084818203627,3.0,-0.015429714285714269,-0.8054297142857152,
2025-10-14 15:07:00-04:00,2025-10-14 15:09:00-04:00,BLBX,long,atr_trail,1,16.626704714285715,16.315073285714288,16.636704714285717,16.305073285714286,-0.3316314285714306,-1.9933720906079588,2.0,0.010195285714285518,-0.9217047142857151,
2025-10-14 15:28:00-04:00,2025-10-14 15:31:00-04:00,BLBX,long,atr_trail,1,16.981488714285714,16.414148,16.991488714285715,16.404148,-0.5873407142857161,-3.456676010924842,3.0,-0.011488714285714963,-1.0413887142857146,
2025-10-14 10:48:00-04:00,2025-10-14 10:52:00-04:00,COYA,long,atr_trail,1,7.183293364285714,7.209475,7.193293364285714,7.1994750000000005,0.006181635714286315,0.08593609910279021,4.0,0.5667066357142856,-0.41329336428571484,
2025-10-14 13:22:00-04:00,2025-10-14 13:24:00-04:00,CRMLW,long,atr_trail,1,18.433005714285713,18.256297142857143,18.443005714285714,18.24629714285714,-0.196708571428573,-1.0665754512899417,2.0,-0.17300571428571132,-0.7830057142857143,
2025-10-14 14:06:00-04:00,2025-10-14 14:10:00-04:00,CRMLW,long,atr_trail,1,19.76466542857143,20.585274285714284,19.77466542857143,20.575274285714283,0.8006088571428513,4.048659432619739,4.0,1.07533457142857,-0.06466542857143054,
2025-10-14 14:10:00-04:00,2025-10-14 14:12:00-04:00,CRMLW,long,atr_trail,1,20.84566057142857,20.539506285714285,20.855660571428572,20.529506285714284,-0.3261542857142885,-1.5638645661557593,2.0,-0.1157605714285701,-0.8256605714285712,
2025-10-14 07:40:00-04:00,2025-10-14 07:42:00-04:00,CYN,long,atr_trail,1,7.4738,7.289942857142857,7.4838,7.279942857142857,-0.2038571428571423,-2.7239790328060898,2.0,-0.12380000000000013,-0.42379999999999995,
2025-10-14 16:43:00-04:00,2025-10-14 16:45:00-04:00,EDBL,long,vwap_break,1,3.493039285714286,2.6787,3.503039285714286,2.6687000000000003,-0.8343392857142855,-23.81758289485354,2.0,-0.2130392857142862,-0.9830392857142862,
2025-10-14 09:34:00-04:00,2025-10-14 09:38:00-04:00,FOFO,long,atr_trail,1,19.668827714285715,21.255854285714285,19.678827714285717,21.245854285714284,1.567026571428567,7.963007726781379,4.0,2.151172285714285,-0.5088277142857152,
2025-10-14 09:38:00-04:00,2025-10-14 09:49:00-04:00,FOFO,long,vwap_break,1,21.832536571428573,17.0,21.842536571428575,16.99,-4.852536571428576,-22.215993804382606,11.0,-0.5125365714285728,-4.832536571428573,
2025-10-14 08:28:00-04:00,2025-10-14 08:30:00-04:00,GWAV,long,atr_trail,1,17.697328000000002,17.332210857142858,17.707328000000004,17.322210857142856,-0.3851171428571476,-2.174902632724418,2.0,0.26267199999999846,-0.9073280000000032,
2025-10-14 08:54:00-04:00,2025-10-14 08:57:00-04:00,GWAV,long,atr_trail,1,18.846708142857143,18.432740285714285,18.856708142857144,18.422740285714283,-0.4339678571428607,-2.3013977511618156,3.0,0.10329185714285671,-0.8167081428571414,
2025-10-14 08:59:00-04:00,2025-10-14 09:01:00-04:00,GWAV,long,atr_trail,1,19.46124814285714,19.14126214285714,19.471248142857142,19.13126214285714,-0.33998600000000323,-1.7460924821335766,2.0,0.5387518571428593,-0.4412481428571411,
2025-10-14 09:00:00-04:00,2025-10-14 09:02:00-04:00,GWAV,long,atr_trail,1,20.012248142857143,19.408361,20.022248142857144,19.398360999999998,-0.6238871428571464,-3.1159694875708355,2.0,-0.21224814285714189,-1.1422481428571416,
2025-10-14 09:41:00-04:00,2025-10-14 09:52:00-04:00,GWAV,long,target_R_hit,1,19.676919285714288,22.69211585714286,19.68691928571429,22.682115857142858,2.9951965714285684,15.21414563629575,11.0,3.9030807142857107,-1.876919285714287,
2025-10-14 09:52:00-04:00,2025-10-14 09:54:00-04:00,GWAV,long,atr_trail,1,22.63,22.414917857142857,22.64,22.404917857142856,-0.23508214285714502,-1.038348687531554,2.0,1.370000000000001,-2.259999999999998,
2025-10-14 12:48:00-04:00,2025-10-14 12:49:00-04:00,GWAV,long,vwap_break,1,17.228192142857143,16.99,17.238192142857145,16.979999999999997,-0.25819214285714764,-1.4977913038527801,1.0,0.2318078571428579,-0.7681921428571421,
2025-10-14 14:09:00-04:00,2025-10-14 14:10:00-04:00,GWAV,long,vwap_break,1,16.704309285714285,16.295,16.714309285714286,16.285,-0.42930928571428595,-2.5685134717545077,1.0,-0.055409285714283385,-0.43430928571428495,
2025-10-14 14:42:00-04:00,2025-10-14 14:43:00-04:00,GWAV,long,vwap_break,1,16.794028,17.3108,16.804028000000002,17.3008,0.49677199999999644,2.9562673901757153,1.0,0.7059719999999992,-0.21402800000000255,
2025-10-14 14:43:00-04:00,2025-10-14 14:44:00-04:00,GWAV,long,vwap_break,1,17.104585,17.09,17.114585,17.08,-0.03458500000000342,-0.20207910387545214,1.0,0.39541499999999985,-0.1915849999999999,
2025-10-14 14:44:00-04:00,2025-10-14 14:45:00-04:00,GWAV,long,vwap_break,1,17.505239714285715,16.4301,17.515239714285716,16.420099999999998,-1.0951397142857182,-6.252496295511756,1.0,-0.06473971428571446,-1.0752397142857149,
2025-10-14 15:25:00-04:00,2025-10-14 15:26:00-04:00,GWAV,long,atr_trail,1,20.413982857142855,20.674271428571426,20.423982857142857,20.664271428571425,0.24028857142856808,1.176502022692083,1.0,1.3860171428571455,-0.2839828571428562,
2025-10-14 15:26:00-04:00,2025-10-14 15:28:00-04:00,GWAV,long,atr_trail,1,21.815682857142857,21.012085714285714,21.82568285714286,21.002085714285712,-0.823597142857146,-3.773522909903404,2.0,-0.31568285714285693,-1.685682857142858,
2025-10-14 08:11:00-04:00,2025-10-14 08:13:00-04:00,GWH,long,atr_trail,1,11.813662285714287,11.546645142857145,11.823662285714287,11.536645142857145,-0.28701714285714175,-2.427480893157141,2.0,0.09633771428571336,-0.8736622857142873,
2025-10-14 17:32:00-04:00,2025-10-14 17:37:00-04:00,PFAI,long,atr_trail,1,3.1032032857142857,3.134006428571429,3.1132032857142855,3.124006428571429,0.010803142857143566,0.34701051828887053,5.0,0.37679671428571426,-0.16320328571428577,
2025-10-14 16:34:00-04:00,2025-10-14 16:38:00-04:00,RKDA,long,atr_trail,1,5.898298142857143,6.0284957142857145,5.908298142857142,6.018495714285715,0.11019757142857234,1.865132204978459,4.0,0.6651018571428571,-0.338298142857143,
2025-10-14 17:04:00-04:00,2025-10-14 17:06:00-04:00,RKDA,long,atr_trail,1,6.414972428571429,6.175141714285714,6.4249724285714285,6.165141714285714,-0.25983071428571414,-4.044075164124661,2.0,0.01502757142857103,-0.7149724285714285,
2025-10-14 16:21:00-04:00,2025-10-14 16:25:00-04:00,SDOT,long,atr_trail,1,6.155114428571429,6.227457857142857,6.165114428571429,6.217457857142858,0.052343428571428596,0.8490260672024075,4.0,0.5148855714285707,-0.20511442857142903,
2025-10-14 17:10:00-04:00,2025-10-14 17:11:00-04:00,SDOT,long,target_R_hit,1,7.305173714285714,8.265789942857142,7.315173714285714,8.255789942857142,0.9406162285714279,12.858426406669054,1.0,1.4843262857142863,-0.1451737142857139,
2025-10-14 17:11:00-04:00,2025-10-14 17:13:00-04:00,SDOT,long,target_R_hit,1,8.126298142857141,9.974686028571425,8.136298142857141,9.964686028571425,1.8283878857142835,22.47198730444049,2.0,2.2837018571428587,-0.5531981428571413,
2025-10-14 17:14:00-04:00,2025-10-14 17:16:00-04:00,SDOT,long,atr_trail,1,10.421765714285714,9.762811428571428,10.431765714285714,9.752811428571428,-0.6789542857142852,-6.508526977216289,2.0,-0.05746571428571379,-1.6017657142857136,
2025-10-14 17:58:00-04:00,2025-10-14 18:04:00-04:00,SDOT,long,target_R_hit,1,9.504667571428572,10.264179114285715,9.514667571428571,10.254179114285716,0.7395115428571444,7.772331900252727,6.0,1.2253324285714289,-0.20466757142857084,
2025-10-14 18:01:00-04:00,2025-10-14 18:04:00-04:00,SDOT,long,target_R_hit,1,9.704611857142856,10.509359971428568,9.714611857142856,10.499359971428568,0.784748114285712,8.078018204182925,3.0,1.0253881428571443,-0.20461185714285612,
2025-10-14 18:05:00-04:00,2025-10-14 18:07:00-04:00,SDOT,long,atr_trail,1,10.735523285714287,10.390598285714287,10.745523285714286,10.380598285714287,-0.3649249999999995,-3.3960654153078917,2.0,0.06447671428571411,-0.9855232857142866,
2025-10-14 18:27:00-04:00,2025-10-14 18:29:00-04:00,SDOT,long,atr_trail,1,10.705435285714286,10.431250285714286,10.715435285714285,10.421250285714287,-0.2941849999999988,-2.745432100105194,2.0,0.25436471428571394,-0.4654352857142854,
2025-10-14 19:21:00-04:00,2025-10-14 19:24:00-04:00,SDOT,long,atr_trail,1,11.114645285714285,11.088129285714285,11.124645285714285,11.078129285714285,-0.046516000000000446,-0.4181346803006303,3.0,0.38535471428571455,-0.35464528571428566,
2025-10-14 19:32:00-04:00,2025-10-14 19:37:00-04:00,SDOT,long,atr_trail,1,13.008511,12.786304285714285,13.018511,12.776304285714286,-0.2422067142857145,-1.8604793918883256,5.0,0.3014890000000001,-0.7383109999999995,
2025-10-14 09:45:00-04:00,2025-10-14 09:51:00-04:00,SDST,long,atr_trail,1,6.995254428571429,6.8630571428571425,7.005254428571429,6.853057142857143,-0.15219728571428615,-2.172616102186653,6.0,0.14474557142857059,-0.4352544285714295,
2025-10-14 10:09:00-04:00,2025-10-14 10:11:00-04:00,TMQ,long,atr_trail,1,8.393060285714286,8.324737142857144,8.403060285714286,8.314737142857144,-0.08832314285714205,-1.0510830561015538,2.0,0.15693971428571452,-0.24306028571428584,
2025-10-14 10:22:00-04:00,2025-10-14 10:25:00-04:00,TMQ,long,target_R_hit,1,8.853247857142858,9.36634157142857,8.863247857142857,9.35634157142857,0.49309371428571325,5.563352421520418,3.0,0.746752142857142,-0.15324785714285838,
2025-10-14 10:24:00-04:00,2025-10-14 10:26:00-04:00,TMQ,long,atr_trail,1,9.153355000000001,9.105811428571428,9.163355000000001,9.095811428571428,-0.06754357142857259,-0.7371052570654846,2.0,0.4466449999999984,-0.26335500000000067,
2025-10-14 10:46:00-04:00,2025-10-14 10:50:00-04:00,TMQ,long,atr_trail,1,10.234758571428571,10.676432857142856,10.244758571428571,10.666432857142857,0.42167428571428545,4.116000223668381,4.0,1.0552414285714278,-0.1647585714285711,
2025-10-14 10:47:00-04:00,2025-10-14 10:49:00-04:00,TMQ,long,target_R_hit,1,10.424944285714286,11.230180857142857,10.434944285714286,11.220180857142857,0.7852365714285714,7.5250672157740395,2.0,0.8650557142857132,-0.14264428571428667,
2025-10-14 10:48:00-04:00,2025-10-14 10:50:00-04:00,TMQ,long,atr_trail,1,10.795255142857142,10.66193,10.805255142857142,10.65193,-0.15332514285714183,-1.4189867877252071,2.0,0.494744857142857,-0.2852551428571424,
2025-10-14 10:50:00-04:00,2025-10-14 10:52:00-04:00,TMQ,long,atr_trail,1,11.296123714285713,10.983637285714284,11.306123714285713,10.973637285714284,-0.3324864285714284,-2.9407641113224248,2.0,-0.11612371428571322,-1.1161237142857132,
2025-10-14 10:17:00-04:00,2025-10-14 10:22:00-04:00,TVRD,long,atr_trail,1,6.993214285714286,6.940767142857143,7.003214285714286,6.930767142857143,-0.07244714285714249,-1.0344841654342352,5.0,0.1067857142857136,-0.15171428571428613,
2025-10-14 10:22:00-04:00,2025-10-14 10:30:00-04:00,WKEY,long,atr_trail,1,9.873557714285713,9.696084285714285,9.883557714285713,9.686084285714285,-0.1974734285714277,-1.9979994479720542,8.0,0.12644228571428684,-0.37355771428571316,
2025-10-14 17:07:00-04:00,2025-10-14 17:09:00-04:00,ZGM,long,atr_trail,1,4.663459857142858,4.465980571428572,4.673459857142857,4.455980571428572,-0.2174792857142851,-4.653496389444589,2.0,0.23654014285714275,-0.6634598571428576,
2025-10-15 08:09:00-04:00,2025-10-15 08:11:00-04:00,GWAV,long,atr_trail,1,13.383259571428573,13.158536000000002,13.393259571428572,13.148536000000002,-0.2447235714285707,-1.8272144291941572,2.0,-0.003259571428571917,-0.6332595714285727,
2025-10-15 09:31:00-04:00,2025-10-15 09:32:00-04:00,GWAV,long,target_R_hit,1,14.244875571428572,15.334703914285715,14.254875571428572,15.324703914285715,1.069828342857143,7.504999517508448,1.0,1.5551244285714283,-0.09607557142857281,
2025-10-15 09:33:00-04:00,2025-10-15 09:35:00-04:00,GWAV,long,atr_trail,1,15.806948714285715,15.429598,15.816948714285715,15.419598,-0.39735071428571445,-2.5121831110625714,2.0,0.19305128571428476,-1.3069487142857152,
2025-10-15 11:50:00-04:00,2025-10-15 11:52:00-04:00,OMER,long,atr_trail,1,10.433121285714286,10.289127714285714,10.443121285714286,10.279127714285714,-0.16399357142857163,-1.5703501562593924,2.0,0.06687871428571412,-0.20312128571428545,
2025-10-15 12:42:00-04:00,2025-10-15 12:51:00-04:00,OMER,long,atr_trail,1,10.693120714285714,11.081531428571429,10.703120714285713,11.07153142857143,0.3684107142857158,3.442086884005602,9.0,0.666779285714286,-0.13312071428571315,
2025-10-15 12:43:00-04:00,2025-10-15 12:51:00-04:00,OMER,long,atr_trail,1,10.853406428571429,11.081531428571429,10.863406428571428,11.07153142857143,0.20812500000000078,1.9158355288320994,8.0,0.506493571428571,-0.25340642857142903,
2025-10-15 12:45:00-04:00,2025-10-15 12:51:00-04:00,OMER,long,atr_trail,1,11.204246714285713,11.081531428571429,11.214246714285713,11.07153142857143,-0.14271528571428327,-1.2726248079817926,6.0,0.15565328571428694,-0.44424671428571294,
2025-10-15 13:24:00-04:00,2025-10-15 13:26:00-04:00,OMER,long,atr_trail,1,10.933253714285714,10.842709285714285,10.943253714285714,10.832709285714285,-0.1105444285714281,-1.0101605195091068,2.0,0.16674628571428585,-0.20325371428571337,
2025-10-15 13:41:00-04:00,2025-10-15 13:44:00-04:00,OMER,long,atr_trail,1,11.293358142857143,11.133428142857142,11.303358142857142,11.123428142857142,-0.1799300000000006,-1.5918278243152284,3.0,0.096641857142858,-0.4433581428571429,
2025-10-15 16:30:00-04:00,2025-10-15 16:33:00-04:00,RYOJ,long,atr_trail,1,3.093653857142857,2.9024745714285713,3.1036538571428567,2.8924745714285716,-0.21117928571428513,-6.804215142364212,3.0,0.026346142857143207,-0.2436538571428568,
2025-10-15 16:47:00-04:00,2025-10-15 16:50:00-04:00,RYOJ,long,target_R_hit,1,3.403272,4.4295632,3.4132719999999996,4.4195632,1.0062912000000002,29.48171724960684,3.0,1.481328,-0.0032719999999999416,
2025-10-15 16:49:00-04:00,2025-10-15 16:51:00-04:00,RYOJ,long,target_R_hit,1,3.954271428571429,5.046134285714286,3.9642714285714287,5.036134285714287,1.071862857142858,27.038079416502427,2.0,2.265728571428571,-0.30427142857142897,
2025-10-15 16:50:00-04:00,2025-10-15 16:51:00-04:00,RYOJ,long,target_R_hit,1,4.356630857142857,5.728721371428572,4.366630857142857,5.718721371428572,1.352090514285715,30.964158833668964,1.0,1.8633691428571426,-0.21583085714285755,
2025-10-15 16:51:00-04:00,2025-10-15 16:52:00-04:00,RYOJ,long,target_R_hit,1,4.890364857142857,6.366381771428572,4.900364857142857,6.356381771428572,1.4560169142857156,29.712418498051218,1.0,4.949635142857143,-0.22036485714285714,
2025-10-15 16:52:00-04:00,2025-10-15 16:52:00-04:00,RYOJ,long,target_R_hit,1,6.227736428571428,9.091463285714285,6.237736428571428,9.081463285714285,2.8437268571428573,45.58908331101335,0.0,3.6122635714285716,-0.5577364285714284,
2025-10-15 16:53:00-04:00,2025-10-15 16:55:00-04:00,RYOJ,long,atr_trail,1,9.853479285714286,8.711411428571429,9.863479285714286,8.70141142857143,-1.1620678571428567,-11.781520734026696,2.0,1.646520714285714,-3.973479285714286,
2025-10-15 17:26:00-04:00,2025-10-15 17:30:00-04:00,RYOJ,long,atr_trail,1,7.507682857142857,7.132408571428572,7.517682857142857,7.122408571428572,-0.3952742857142848,-5.257927119640582,4.0,0.13191714285714262,-0.8776828571428572,
2025-10-15 18:56:00-04:00,2025-10-15 18:58:00-04:00,RYOJ,long,atr_trail,1,8.003062,8.000528571428571,8.013062,7.990528571428571,-0.02253342857142826,-0.2812087136156993,2.0,0.21693800000000074,-0.4830620000000003,
2025-10-15 11:38:00-04:00,2025-10-15 11:39:00-04:00,SDOT,long,vwap_break,1,10.184370714285714,10.02,10.194370714285714,10.01,-0.1843707142857145,-1.8085541467248167,1.0,0.255629285714285,-0.1843707142857145,
2025-10-15 11:39:00-04:00,2025-10-15 11:40:00-04:00,SDOT,long,vwap_break,1,10.444756428571429,10.02,10.454756428571429,10.01,-0.44475642857142894,-4.254106077076747,1.0,-0.024756428571429012,-0.44475642857142894,
2025-10-15 12:38:00-04:00,2025-10-15 12:39:00-04:00,SDOT,long,vwap_break,1,10.683864714285715,10.2092,10.693864714285715,10.1992,-0.49466471428571523,-4.625687041139603,1.0,-0.013864714285714896,-0.47466471428571566,
2025-10-15 10:09:00-04:00,2025-10-15 10:11:00-04:00,SOGP,long,atr_trail,1,20.995478857142857,20.42244242857143,21.005478857142858,20.412442428571428,-0.5930364285714305,-2.8232464139696156,2.0,-0.2754788571428577,-1.845478857142858,
2025-10-15 10:35:00-04:00,2025-10-15 10:37:00-04:00,SOGP,long,atr_trail,1,20.20534357142857,20.240372142857144,20.215343571428573,20.230372142857142,0.015028571428569393,0.07434239925463437,2.0,0.29455642857142905,-0.2853435714285695,
2025-10-15 10:47:00-04:00,2025-10-15 10:50:00-04:00,SOGP,long,target_R_hit,1,21.394487285714288,22.60905665714286,21.40448728571429,22.59905665714286,1.194569371428571,5.580929622293951,3.0,1.6055127142857124,-0.6437872857142892,
2025-10-15 10:51:00-04:00,2025-10-15 10:55:00-04:00,SOGP,long,target_R_hit,1,23.00943714285714,25.509519428571426,23.019437142857143,25.499519428571425,2.480082285714282,10.773861542847696,4.0,2.850562857142858,-0.7093371428571409,
2025-10-15 10:52:00-04:00,2025-10-15 10:55:00-04:00,SOGP,long,target_R_hit,1,23.430541571428574,25.745243514285722,23.440541571428575,25.73524351428572,2.294701942857145,9.789457875214502,3.0,2.429458428571426,-0.600441571428572,
2025-10-15 10:54:00-04:00,2025-10-15 10:55:00-04:00,SOGP,long,target_R_hit,1,23.892054285714284,25.833946857142855,23.902054285714286,25.823946857142854,1.9218925714285682,8.04070038690039,1.0,1.9679457142857153,-0.362054285714283,
2025-10-15 10:55:00-04:00,2025-10-15 10:57:00-04:00,SOGP,long,atr_trail,1,24.89391142857143,23.943215714285714,24.90391142857143,23.933215714285712,-0.9706957142857178,-3.8977640804330527,2.0,0.9660885714285712,-3.113911428571427,
2025-10-15 11:22:00-04:00,2025-10-15 11:26:00-04:00,SOGP,long,atr_trail,1,22.83445857142857,22.384052142857144,22.84445857142857,22.374052142857142,-0.47040642857142956,-2.0591708361158756,4.0,0.7555414285714299,-0.5844585714285699,
2025-10-15 16:04:00-04:00,2025-10-15 16:10:00-04:00,ZBAI,long,target_R_hit,1,12.30752,15.640512000000001,12.31752,15.630512000000001,3.3129920000000013,26.896583078411894,6.0,4.150079999999999,-0.6675199999999997,
2025-10-15 16:10:00-04:00,2025-10-15 16:13:00-04:00,ZBAI,long,atr_trail,1,15.28,14.970467142857142,15.29,14.960467142857143,-0.32953285714285663,-2.1552181631318335,3.0,1.209999999999999,-1.8717999999999986,
2025-10-16 16:27:00-04:00,2025-10-16 16:30:00-04:00,AKAN,long,atr_trail,1,3.1630730000000002,3.049110714285714,3.173073,3.039110714285714,-0.13396228571428592,-4.221846951339792,3.0,0.1269269999999998,-0.3630730000000004,
2025-10-16 16:59:00-04:00,2025-10-16 17:01:00-04:00,AKAN,long,atr_trail,1,3.6536552857142857,3.6565835714285715,3.6636552857142854,3.6465835714285717,-0.017071714285713746,-0.46597490632597216,2.0,0.20634471428571421,-0.07365528571428559,
2025-10-16 17:00:00-04:00,2025-10-16 17:03:00-04:00,AKAN,long,atr_trail,1,3.8639552857142854,3.651896,3.873955285714285,3.641896,-0.23205928571428514,-5.990241719361967,3.0,0.03604471428571454,-0.31395528571428555,
2025-10-16 08:23:00-04:00,2025-10-16 08:23:00-04:00,AQMS,long,target_R_hit,1,16.60324057142857,17.323972914285715,16.613240571428573,17.313972914285714,0.7007323428571404,4.217914860405125,0.0,1.3867594285714269,-0.06324057142857242,
2025-10-16 08:24:00-04:00,2025-10-16 08:26:00-04:00,AQMS,long,atr_trail,1,17.99500114285714,17.620080428571427,18.005001142857143,17.610080428571425,-0.3949207142857176,-2.193394552726191,2.0,-0.19500114285714076,-1.5450011428571422,
2025-10-16 08:30:00-04:00,2025-10-16 08:32:00-04:00,AQMS,long,atr_trail,1,19.446745857142858,18.73568142857143,19.45674585714286,18.725681428571427,-0.7310644285714325,-3.7573828323560488,2.0,1.1529541428571406,-0.9667458571428575,
2025-10-16 09:00:00-04:00,2025-10-16 09:01:00-04:00,AQMS,long,vwap_break,1,17.83677257142857,17.34,17.84677257142857,17.33,-0.5167725714285716,-2.8956079837980764,1.0,-0.2367725714285669,-0.8367725714285683,
2025-10-16 12:41:00-04:00,2025-10-16 12:42:00-04:00,AQMS,long,vwap_break,1,15.553702857142857,15.3317,15.563702857142857,15.3217,-0.2420028571428574,-1.5549182566910291,1.0,0.04629714285714215,-0.22200285714285783,
2025-10-16 12:45:00-04:00,2025-10-16 12:46:00-04:00,AQMS,long,vwap_break,1,15.703661142857142,15.75,15.713661142857141,15.74,0.026338857142858885,0.16761757112746523,1.0,0.1963388571428588,-0.09366114285714211,
2025-10-16 12:54:00-04:00,2025-10-16 12:55:00-04:00,AQMS,long,vwap_break,1,16.2,16.57,16.21,16.56,0.34999999999999787,2.1591610117211557,1.0,0.4499999999999993,-0.18989999999999796,
2025-10-16 12:56:00-04:00,2025-10-16 12:57:00-04:00,AQMS,long,vwap_break,1,16.65509271428571,16.5004,16.665092714285713,16.490399999999998,-0.1746927142857153,-1.0482552799479183,1.0,0.24490728571428733,-0.15469271428571219,
2025-10-16 13:33:00-04:00,2025-10-16 13:34:00-04:00,AQMS,long,vwap_break,1,16.723405999999997,16.6798,16.733406,16.6698,-0.06360600000000005,-0.3801138871548315,1.0,0.013194000000002148,-0.22330599999999734,
2025-10-16 16:15:00-04:00,2025-10-16 16:28:00-04:00,ARTV,long,atr_trail,1,4.433287428571428,5.459710714285714,4.443287428571428,5.449710714285715,1.0064232857142867,22.650420480177313,13.0,1.566712571428572,-0.583287428571428,
2025-10-16 16:17:00-04:00,2025-10-16 16:28:00-04:00,ARTV,long,atr_trail,1,4.905341285714286,5.459710714285714,4.915341285714286,5.449710714285715,0.5343694285714289,10.871461359651558,11.0,1.094658714285714,-0.20534128571428578,
2025-10-16 16:18:00-04:00,2025-10-16 16:28:00-04:00,ARTV,long,atr_trail,1,5.256069857142857,5.459710714285714,5.266069857142857,5.449710714285715,0.1836408571428576,3.4872468866657513,10.0,0.7439301428571428,-0.4160698571428574,
2025-10-16 17:11:00-04:00,2025-10-16 17:16:00-04:00,ARTV,long,atr_trail,1,6.083828142857143,6.196490714285715,6.093828142857142,6.186490714285715,0.0926625714285727,1.5205970574865502,5.0,0.5061718571428573,-0.20382814285714268,
2025-10-16 17:13:00-04:00,2025-10-16 17:15:00-04:00,ARTV,long,atr_trail,1,6.534236714285715,6.305656000000001,6.544236714285715,6.295656000000001,-0.2485807142857137,-3.798467646243231,2.0,0.055763285714284905,-0.3942367142857153,
2025-10-16 17:37:00-04:00,2025-10-16 17:41:00-04:00,ARTV,long,atr_trail,1,6.5040505714285715,6.4483749999999995,6.514050571428571,6.438375,-0.07567557142857151,-1.1617283378255294,4.0,0.1459494285714289,-0.23405057142857189,
2025-10-16 17:51:00-04:00,2025-10-16 17:54:00-04:00,ARTV,long,atr_trail,1,6.803843428571429,6.6334605714285715,6.813843428571428,6.623460571428572,-0.19038285714285674,-2.794059757002254,3.0,0.04615657142857099,-0.4738434285714286,
2025-10-16 13:27:00-04:00,2025-10-16 13:28:00-04:00,CRMLW,long,vwap_break,1,12.483255714285715,12.22,12.493255714285715,12.21,-0.2832557142857137,-2.26726900308154,1.0,-0.12325571428571536,-0.353255714285714,
2025-10-16 10:42:00-04:00,2025-10-16 10:43:00-04:00,ELWS,long,vwap_break,1,4.8327420000000005,4.69,4.842742,4.680000000000001,-0.16274199999999972,-3.360534176712282,1.0,0.047257999999999356,-0.19274200000000086,
2025-10-16 10:46:00-04:00,2025-10-16 10:53:00-04:00,ELWS,long,atr_trail,1,5.003493,5.184167857142857,5.0134929999999995,5.174167857142857,0.16067485714285734,3.20484853859091,7.0,0.6665070000000002,-0.2934929999999998,
2025-10-16 10:56:00-04:00,2025-10-16 11:11:00-04:00,ELWS,long,target_R_hit,1,5.7370411428571435,7.0942818285714315,5.747041142857143,7.084281828571432,1.3372406857142884,23.26833326008657,15.0,1.5129588571428565,-0.20704114285714326,
2025-10-16 11:10:00-04:00,2025-10-16 11:12:00-04:00,ELWS,long,atr_trail,1,6.638301857142857,6.196511142857143,6.648301857142857,6.186511142857143,-0.46179071428571383,-6.945994995542682,2.0,0.6116981428571426,-0.5183018571428573,
2025-10-16 11:26:00-04:00,2025-10-16 11:41:00-04:00,ELWS,long,atr_trail,1,7.281133142857143,7.7121514285714285,7.291133142857142,7.702151428571429,0.41101828571428634,5.637234674790514,15.0,1.5488668571428574,-0.40113314285714274,
2025-10-16 16:12:00-04:00,2025-10-16 16:14:00-04:00,GITS,long,atr_trail,1,3.3753285714285717,3.1237142857142857,3.3853285714285715,3.113714285714286,-0.2716142857142856,-8.023276913403631,2.0,0.09467142857142852,-0.8853285714285715,
2025-10-16 16:31:00-04:00,2025-10-16 16:33:00-04:00,KZR,long,atr_trail,1,6.5941,6.351742857142857,6.6041,6.341742857142857,-0.26235714285714273,-3.972640372755454,2.0,-0.24410000000000043,-0.7641,
2025-10-16 11:15:00-04:00,2025-10-16 11:19:00-04:00,WATT,long,atr_trail,1,11.504124142857142,11.597301428571429,11.514124142857142,11.587301428571429,0.07317728571428717,0.6355436575667284,4.0,0.4558758571428587,-0.13882414285714262,
2025-10-16 12:04:00-04:00,2025-10-16 12:06:00-04:00,WATT,long,atr_trail,1,13.87701357142857,13.683786428571429,13.88701357142857,13.673786428571429,-0.21322714285714106,-1.535442748438287,2.0,0.6329864285714297,-0.7370135714285695,
2025-10-17 09:52:00-04:00,2025-10-17 09:56:00-04:00,AQMS,long,atr_trail,1,16.16758157142857,16.259682857142856,16.177581571428572,16.249682857142854,0.07210128571428243,0.4456864296800811,4.0,0.6223184285714289,-0.6074815714285702,
2025-10-17 13:17:00-04:00,2025-10-17 13:26:00-04:00,ARTV,long,atr_trail,1,6.993541285714286,6.945267857142857,7.003541285714285,6.935267857142858,-0.06827342857142771,-0.9748415235402486,9.0,0.36645871428571475,-0.21344128571428556,
2025-10-17 16:55:00-04:00,2025-10-17 16:57:00-04:00,FGI,long,atr_trail,1,7.506263,7.240126571428571,7.5162629999999995,7.230126571428571,-0.28613642857142807,-3.806897504403828,2.0,-0.0662629999999993,-0.5362629999999999,
2025-10-17 17:00:00-04:00,2025-10-17 17:07:00-04:00,FGI,long,atr_trail,1,7.755985571428571,7.938252857142857,7.765985571428571,7.928252857142858,0.16226728571428684,2.0894615914723857,7.0,0.5840144285714288,-0.25598557142857103,
2025-10-17 10:31:00-04:00,2025-10-17 10:35:00-04:00,GWH,long,atr_trail,1,6.454385428571428,6.295477857142857,6.464385428571428,6.285477857142857,-0.17890757142857083,-2.7675882480309943,4.0,0.22561457142857133,-0.2543854285714282,
2025-10-17 08:29:00-04:00,2025-10-17 08:33:00-04:00,SNSE,long,atr_trail,1,19.55152,17.773814285714288,19.56152,17.763814285714286,-1.7977057142857156,-9.190010358528966,4.0,0.2484800000000007,-2.50272,
2025-10-17 13:17:00-04:00,2025-10-17 13:23:00-04:00,SNSE,long,vwap_break,1,12.465944285714286,11.75,12.475944285714286,11.74,-0.7359442857142859,-5.898906478421728,6.0,-0.04594428571428644,-0.7159442857142864,
2025-10-17 09:44:00-04:00,2025-10-17 09:47:00-04:00,UVXY,long,atr_trail,1,14.003036571428572,13.923689999999999,14.013036571428572,13.913689999999999,-0.09934657142857262,-0.7089581970486813,3.0,0.11696342857142739,-0.1530365714285722,
2025-10-20 09:43:00-04:00,2025-10-20 09:45:00-04:00,ANRO,long,target_R_hit,1,7.703241,8.2436746,7.713241,8.2336746,0.5204336000000005,6.747275237478001,2.0,0.6967590000000001,-0.10324100000000058,
2025-10-20 09:45:00-04:00,2025-10-20 09:48:00-04:00,ANRO,long,atr_trail,1,8.223822857142858,8.116557857142858,8.233822857142858,8.106557857142858,-0.12726499999999952,-1.5456368470399773,3.0,0.17617714285714214,-0.2938228571428585,
2025-10-20 09:46:00-04:00,2025-10-20 09:48:00-04:00,ANRO,long,atr_trail,1,8.404122857142857,8.210037857142858,8.414122857142857,8.200037857142858,-0.21408499999999897,-2.544353150468437,2.0,-0.044122857142857796,-0.4741228571428575,
2025-10-20 09:52:00-04:00,2025-10-20 09:54:00-04:00,ANRO,long,target_R_hit,1,8.574901714285714,9.37802674285714,8.584901714285714,9.36802674285714,0.7831250285714262,9.122119910450067,2.0,0.9049982857142869,-0.09490171428571337,
2025-10-20 09:53:00-04:00,2025-10-20 09:58:00-04:00,ANRO,long,target_R_hit,1,8.845201857142857,9.679213971428574,8.855201857142857,9.669213971428574,0.8140121142857168,9.19247384100128,5.0,0.844798142857142,-0.17520185714285752,
2025-10-20 09:54:00-04:00,2025-10-20 10:08:00-04:00,ANRO,long,target_R_hit,1,9.265666,10.4954996,9.275666,10.4854996,1.2098336000000014,13.04309146103364,14.0,1.2343340000000005,-0.4055660000000003,
2025-10-20 10:03:00-04:00,2025-10-20 10:12:00-04:00,ANRO,long,atr_trail,1,10.258133142857142,10.776115714285716,10.268133142857142,10.766115714285716,0.49798257142857416,4.849786855120675,9.0,0.9718668571428584,-0.6281331428571413,
2025-10-20 10:09:00-04:00,2025-10-20 10:12:00-04:00,ANRO,long,atr_trail,1,10.509054428571428,10.776115714285716,10.519054428571428,10.766115714285716,0.2470612857142882,2.348702417997095,3.0,0.7209455714285724,-0.12905442857142724,
2025-10-20 10:10:00-04:00,2025-10-20 10:12:00-04:00,ANRO,long,atr_trail,1,11.039597285714285,10.76390142857143,11.049597285714285,10.75390142857143,-0.29569585714285473,-2.676078136577442,2.0,0.19040271428571565,-0.42959728571428535,
2025-10-20 11:15:00-04:00,2025-10-20 11:15:00-04:00,ANRO,long,target_R_hit,1,11.373386428571427,11.957353285714282,11.383386428571427,11.947353285714282,0.5639668571428551,4.954297745065928,0.0,0.5966135714285734,-0.16338642857142638,
2025-10-20 12:01:00-04:00,2025-10-20 12:03:00-04:00,ANRO,long,atr_trail,1,11.463697,11.288994142857144,11.473697,11.278994142857144,-0.19470285714285573,-1.6969496156544417,2.0,0.016303000000000623,-0.3735970000000002,
2025-10-20 09:35:00-04:00,2025-10-20 09:37:00-04:00,GSIT,long,atr_trail,1,8.3,7.902796428571428,8.31,7.892796428571428,-0.4172035714285727,-5.0205002578648905,2.0,0.5999999999999996,-0.8000000000000007,
2025-10-20 09:48:00-04:00,2025-10-20 09:56:00-04:00,GSIT,long,target_R_hit,1,10.192038,12.645122800000003,10.202038,12.635122800000003,2.433084800000003,23.849007423810843,8.0,3.2379619999999996,-0.5020380000000007,
2025-10-20 09:57:00-04:00,2025-10-20 10:08:00-04:00,GSIT,long,target_R_hit,1,13.445707857142857,16.845617571428573,13.455707857142857,16.83561757142857,3.3799097142857146,25.118780447447932,11.0,4.044292142857142,-0.44570785714285677,
2025-10-20 11:27:00-04:00,2025-10-20 11:29:00-04:00,GSIT,long,atr_trail,1,15.440725714285714,14.954230714285714,15.450725714285714,14.944230714285714,-0.5064949999999993,-3.2781308099443796,2.0,0.05927428571428628,-0.8307257142857143,
2025-10-20 11:35:00-04:00,2025-10-20 11:39:00-04:00,GSIT,long,atr_trail,1,16.36215542857143,16.605797857142857,16.372155428571432,16.595797857142855,0.22364242857142358,1.3659925814113683,4.0,1.587844571428569,-1.5721554285714312,
2025-10-20 11:38:00-04:00,2025-10-20 11:40:00-04:00,GSIT,long,atr_trail,1,17.283106714285715,16.53266742857143,17.293106714285717,16.522667428571427,-0.7704392857142892,-4.45518146879782,2.0,0.6668932857142842,-2.493106714285716,
2025-10-20 14:29:00-04:00,2025-10-20 14:31:00-04:00,GSIT,long,atr_trail,1,14.482881714285714,14.129503142857143,14.492881714285714,14.119503142857143,-0.3733785714285709,-2.5762893728755842,2.0,-0.19288171428571488,-0.8528817142857132,
2025-10-20 14:49:00-04:00,2025-10-20 14:51:00-04:00,GSIT,long,atr_trail,1,14.106056428571428,13.810052857142857,14.116056428571428,13.800052857142857,-0.3160035714285705,-2.238610854437839,2.0,0.21394357142857245,-0.5060564285714282,
2025-10-20 14:54:00-04:00,2025-10-20 14:59:00-04:00,GSIT,long,atr_trail,1,14.72752042857143,14.377741857142858,14.737520428571429,14.367741857142859,-0.3697785714285704,-2.509096243298059,5.0,0.0924795714285711,-0.6475204285714291,
2025-10-20 16:27:00-04:00,2025-10-20 16:32:00-04:00,GSIT,long,atr_trail,1,14.146327000000001,13.851962714285715,14.156327000000001,13.841962714285716,-0.31436428571428543,-2.2206627871359963,5.0,0.1036729999999988,-0.42632700000000057,
2025-10-20 16:43:00-04:00,2025-10-20 16:45:00-04:00,GSIT,long,atr_trail,1,14.446234285714285,14.17152857142857,14.456234285714284,14.16152857142857,-0.2947057142857137,-2.0386063788198516,2.0,-0.01623428571428498,-0.34623428571428505,
2025-10-20 16:49:00-04:00,2025-10-20 16:51:00-04:00,GSIT,long,atr_trail,1,14.816090285714287,14.647837142857142,14.826090285714287,14.637837142857142,-0.18825314285714434,-1.269742320661138,2.0,0.1339097142857124,-0.26609028571428617,
2025-10-20 08:11:00-04:00,2025-10-20 08:16:00-04:00,REPL,long,atr_trail,1,9.195142428571428,8.953466714285714,9.205142428571428,8.943466714285714,-0.26167571428571357,-2.8427122808389105,5.0,0.024757571428573044,-0.5551424285714273,
2025-10-20 08:52:00-04:00,2025-10-20 08:58:00-04:00,REPL,long,atr_trail,1,9.443214142857142,9.558935000000002,9.453214142857142,9.548935000000002,0.09572085714285983,1.0125747253402428,6.0,0.30678585714285767,-0.11321414285714226,
2025-10-20 08:57:00-04:00,2025-10-20 08:59:00-04:00,REPL,long,atr_trail,1,9.733556857142858,9.58442042857143,9.743556857142858,9.57442042857143,-0.1691364285714272,-1.73587973110082,2.0,0.01644314285714188,-0.3035568571428584,
2025-10-20 09:35:00-04:00,2025-10-20 09:37:00-04:00,REPL,long,atr_trail,1,9.814542571428571,9.566412571428572,9.824542571428571,9.556412571428572,-0.2681299999999993,-2.729185588546046,2.0,0.09545742857142869,-0.5145425714285707,
2025-10-20 11:15:00-04:00,2025-10-20 11:26:00-04:00,USARW,long,target_R_hit,1,18.18,19.112620937142854,18.19,19.102620937142852,0.9126209371428509,5.017157433440622,11.0,1.1400000000000006,-0.09819999999999851,
2025-10-20 13:47:00-04:00,2025-10-20 13:52:00-04:00,USARW,long,atr_trail,1,19.50303242857143,19.715096428571428,19.51303242857143,19.705096428571427,0.1920639999999949,0.9842857623644896,5.0,0.3676675714285693,-0.032932428571431416,
2025-10-20 16:06:00-04:00,2025-10-20 16:08:00-04:00,VRCA,long,atr_trail,1,6.123371428571429,5.8810142857142855,6.1333714285714285,5.871014285714286,-0.26235714285714273,-4.2775355432574935,2.0,-0.16337142857142872,-0.8533714285714291,
2025-10-21 09:38:00-04:00,2025-10-21 09:51:00-04:00,ANRO,long,atr_trail,1,11.243083571428572,11.251935714285715,11.253083571428572,11.241935714285715,-0.011147857142857376,-0.09906491027189546,13.0,0.1969164285714271,-0.24298357142857263,
2025-10-21 09:37:00-04:00,2025-10-21 09:42:00-04:00,ATMV,long,atr_trail,1,14.1,15.202714285714286,14.11,15.192714285714287,1.082714285714287,7.67338260605448,5.0,1.870000000000001,-0.009999999999999787,
2025-10-21 09:42:00-04:00,2025-10-21 09:53:00-04:00,ATMV,long,vwap_break,1,15.97,13.6753,15.98,13.6653,-2.3147,-14.484981226533167,11.0,0.0,-3.3500000000000014,
2025-10-21 10:44:00-04:00,2025-10-21 10:46:00-04:00,ATMV,long,atr_trail,1,14.206396714285713,14.245479285714286,14.216396714285713,14.235479285714286,0.019082571428572948,0.1342293114921178,2.0,0.6467032857142865,-0.5763967142857123,
2025-10-21 10:45:00-04:00,2025-10-21 10:47:00-04:00,ATMV,long,atr_trail,1,14.86053157142857,14.461805857142856,14.87053157142857,14.451805857142856,-0.4187257142857135,-2.8158086499761037,2.0,-0.16453157142857044,-1.2305315714285694,
2025-10-21 08:56:00-04:00,2025-10-21 08:58:00-04:00,GSIT,long,atr_trail,1,18.00320957142857,17.86199314285714,18.013209571428572,17.85199314285714,-0.16121642857143215,-0.8949900234722419,2.0,-0.07320957142857054,-0.3932095714285708,
2025-10-21 09:41:00-04:00,2025-10-21 09:45:00-04:00,MEC,long,atr_trail,1,15.967881142857143,15.583825428571428,15.977881142857143,15.573825428571428,-0.40405571428571463,-2.5288441607061674,4.0,0.022118857142856996,-0.5678811428571429,
2025-10-21 09:41:00-04:00,2025-10-21 09:50:00-04:00,NERV,long,target_R_hit,1,8.436998571428571,10.967007714285714,8.446998571428571,10.957007714285714,2.510009142857143,29.714804869827827,9.0,2.9329014285714283,-0.5369985714285708,
2025-10-21 09:42:00-04:00,2025-10-21 09:50:00-04:00,NERV,long,target_R_hit,1,9.048627142857143,11.300533428571427,9.058627142857143,11.290533428571427,2.2319062857142846,24.638460668669595,8.0,2.3212728571428567,-0.35862714285714326,
2025-10-21 09:44:00-04:00,2025-10-21 09:51:00-04:00,NERV,long,target_R_hit,1,9.710455714285713,11.525059142857138,9.720455714285713,11.515059142857138,1.7946034285714259,18.46213265427441,7.0,2.749544285714288,-0.29045571428571293,
2025-10-21 09:45:00-04:00,2025-10-21 09:47:00-04:00,NERV,long,atr_trail,1,10.410872857142857,9.85988,10.420872857142857,9.84988,-0.5709928571428566,-5.4793189109055955,2.0,0.019127142857142232,-0.9908728571428576,
2025-10-21 09:52:00-04:00,2025-10-21 09:54:00-04:00,NERV,long,atr_trail,1,12.475701142857144,11.75378542857143,12.485701142857144,11.74378542857143,-0.7419157142857138,-5.942122959671758,2.0,-0.21570114285714403,-1.6457011428571438,
2025-10-21 11:11:00-04:00,2025-10-21 11:13:00-04:00,NERV,long,atr_trail,1,10.986714714285714,10.626129714285714,10.996714714285714,10.616129714285714,-0.38058499999999995,-3.4608972760345025,2.0,0.30318528571428516,-0.6959147142857134,
2025-10-21 12:23:00-04:00,2025-10-21 12:24:00-04:00,NERV,long,target_R_hit,1,11.105171142857143,12.06565982857143,11.115171142857143,12.05565982857143,0.9404886857142873,8.461306385900013,1.0,1.1448288571428566,-1.325171142857144,
2025-10-21 10:07:00-04:00,2025-10-21 10:09:00-04:00,OMSE,long,vwap_break,1,5.944218142857143,4.97,5.954218142857143,4.96,-0.994218142857143,-16.697711084869084,2.0,-0.06421814285714333,-0.9742181428571435,
2025-10-21 10:52:00-04:00,2025-10-21 10:55:00-04:00,RYOJ,long,atr_trail,1,5.893454142857142,6.155545714285714,5.903454142857142,6.145545714285714,0.2420915714285723,4.100846141432135,3.0,0.5465458571428581,-0.2756541428571424,
2025-10-21 10:53:00-04:00,2025-10-21 10:55:00-04:00,RYOJ,long,atr_trail,1,6.2037254285714285,6.114711428571428,6.213725428571428,6.104711428571428,-0.10901400000000017,-1.7544064547612814,2.0,0.2362745714285719,-0.5859254285714286,
2025-10-21 14:38:00-04:00,2025-10-21 14:44:00-04:00,RYOJ,long,target_R_hit,1,6.962656,7.623833599999999,6.972656,7.6138335999999995,0.6411775999999998,9.195600643427703,6.0,0.7773440000000003,-0.3026559999999998,
2025-10-21 14:42:00-04:00,2025-10-21 14:51:00-04:00,RYOJ,long,atr_trail,1,7.204277862857143,7.3793176,7.214277862857143,7.3693176000000005,0.15503973714285735,2.149068002233223,9.0,0.615722137142857,-0.20427786285714333,
2025-10-21 14:43:00-04:00,2025-10-21 14:47:00-04:00,RYOJ,long,atr_trail,1,7.534927862857143,7.296029034285715,7.544927862857143,7.286029034285715,-0.25889882857142776,-3.4314288125398607,4.0,0.20507213714285744,-0.42492786285714246,
2025-10-21 15:20:00-04:00,2025-10-21 15:30:00-04:00,RYOJ,long,target_R_hit,1,7.603619857142856,8.85516477142857,7.613619857142856,8.84516477142857,1.2315449142857133,16.17555036097995,10.0,1.256380142857143,-0.20361985714285602,
2025-10-21 15:30:00-04:00,2025-10-21 15:41:00-04:00,RYOJ,long,target_R_hit,1,8.456496714285715,9.959533742857145,8.466496714285714,9.949533742857145,1.483037028571431,17.516536988304377,11.0,2.0335032857142856,-0.22649671428571416,
2025-10-21 15:35:00-04:00,2025-10-21 15:41:00-04:00,RYOJ,long,target_R_hit,1,8.96,10.483056000000001,8.97,10.473056000000001,1.5030560000000008,16.756477146042382,6.0,1.5299999999999994,0.0,
2025-10-21 15:41:00-04:00,2025-10-21 15:46:00-04:00,RYOJ,long,atr_trail,1,10.14,10.007105714285714,10.15,9.997105714285714,-0.15289428571428587,-1.506347642505279,5.0,1.2899999999999991,-0.6900000000000013,
