entry_ts,exit_ts,reason,qty,entry_price,exit_price,entry_eff,exit_eff,pnl,return_pct,hold_minutes,mfe,mae,entry_limit
2025-10-13 10:11:00-04:00,2025-10-13 10:14:00-04:00,atr_trail,1,11.253236285714285,11.085043428571428,11.263236285714285,11.075043428571428,-0.18819285714285705,-1.6708595324556152,3.0,0.14666371428571523,-0.2531362857142856,
2025-10-13 11:21:00-04:00,2025-10-13 11:24:00-04:00,atr_trail,1,11.883149999999999,11.719449999999998,11.893149999999999,11.709449999999999,-0.18369999999999997,-1.5445865897596556,3.0,-0.06314999999999849,-0.26814999999999856,
2025-10-13 10:03:00-04:00,2025-10-13 10:06:00-04:00,atr_trail,1,7.43,7.431235714285714,7.4399999999999995,7.421235714285714,-0.018764285714285123,-0.25220814132104197,3.0,0.1997,-0.13999999999999968,
2025-10-13 10:36:00-04:00,2025-10-13 10:38:00-04:00,atr_trail,1,8.233749000000001,8.183392857142856,8.243749000000001,8.173392857142856,-0.07035614285714509,-0.8534483868582687,2.0,0.586250999999999,-0.22374900000000153,
2025-10-13 10:57:00-04:00,2025-10-13 10:58:00-04:00,target_R_hit,1,8.523699714285714,9.542717085714287,8.533699714285714,9.532717085714287,0.9990173714285735,11.706732189746294,1.0,1.066300285714286,-0.03369971428571361,
2025-10-13 10:58:00-04:00,2025-10-13 11:00:00-04:00,atr_trail,1,8.88413542857143,9.21645,8.89413542857143,9.20645,0.3123145714285709,3.511466335730562,2.0,0.9258645714285709,-0.2640354285714288,
2025-10-13 10:59:00-04:00,2025-10-13 11:01:00-04:00,atr_trail,1,9.595178142857142,9.293628142857141,9.605178142857142,9.283628142857141,-0.3215500000000002,-3.3476734654746543,2.0,0.21482185714285862,-0.5651781428571425,
2025-10-13 11:16:00-04:00,2025-10-13 11:18:00-04:00,atr_trail,1,10.48824842857143,10.242421428571427,10.49824842857143,10.232421428571428,-0.2658270000000016,-2.5321081112592236,2.0,0.48175157142857117,-0.9782484285714297,
2025-10-13 11:17:00-04:00,2025-10-13 11:19:00-04:00,atr_trail,1,10.978379,10.491714714285715,10.988379,10.481714714285715,-0.5066642857142849,-4.610910178055239,2.0,-0.2483789999999999,-1.4683790000000005,
2025-10-13 11:29:00-04:00,2025-10-13 11:39:00-04:00,atr_trail,1,10.350012142857143,11.467964285714286,10.360012142857142,11.457964285714286,1.0979521428571442,10.597981235129561,10.0,1.869987857142858,-0.4900121428571431,
2025-10-13 11:32:00-04:00,2025-10-13 11:39:00-04:00,atr_trail,1,10.859183571428572,11.467964285714286,10.869183571428572,11.457964285714286,0.5887807142857149,5.416972769081041,7.0,1.3608164285714288,-0.1291835714285714,
2025-10-13 11:37:00-04:00,2025-10-13 11:39:00-04:00,atr_trail,1,11.34908357142857,11.467964285714286,11.35908357142857,11.457964285714286,0.09888071428571621,0.8704990474269536,2.0,0.8709164285714301,-0.4190835714285708,
2025-10-13 11:38:00-04:00,2025-10-13 11:40:00-04:00,atr_trail,1,12.050040714285714,11.485719285714286,12.060040714285714,11.475719285714286,-0.5843214285714282,-4.845103282937268,2.0,0.16995928571428642,-1.0000407142857135,
2025-10-13 11:42:00-04:00,2025-10-13 11:50:00-04:00,atr_trail,1,12.062265,12.28135,12.072265,12.27135,0.19908500000000018,1.6491105852961319,8.0,1.1577350000000006,-0.8422649999999994,
2025-10-13 11:49:00-04:00,2025-10-13 11:51:00-04:00,atr_trail,1,13.234973,12.454908714285715,13.244973,12.444908714285715,-0.800064285714285,-6.040512772010064,2.0,-0.1849729999999994,-1.7848729999999993,
2025-10-13 12:22:00-04:00,2025-10-13 12:24:00-04:00,atr_trail,1,12.50990742857143,11.999728857142857,12.519907428571429,11.989728857142858,-0.5301785714285714,-4.234684437192094,2.0,-0.2099074285714284,-0.9898074285714298,
2025-10-13 13:14:00-04:00,2025-10-13 13:16:00-04:00,vwap_break,1,11.705649571428571,10.08,11.715649571428571,10.07,-1.6456495714285708,-14.046592648536393,2.0,0.04425042857142891,-1.6256495714285712,
2025-10-13 14:25:00-04:00,2025-10-13 14:26:00-04:00,vwap_break,1,10.003106571428571,9.845,10.01310657142857,9.835,-0.1781065714285699,-1.7787344033347252,1.0,-0.053206571428571436,-0.26310657142857075,
2025-10-13 14:35:00-04:00,2025-10-13 14:36:00-04:00,vwap_break,1,10.19886642857143,9.83,10.20886642857143,9.82,-0.38886642857142917,-3.8091048726341836,1.0,-0.0588664285714291,-0.4871664285714292,
2025-10-13 16:21:00-04:00,2025-10-13 16:25:00-04:00,target_R_hit,1,12.004628571428572,14.747211428571433,12.014628571428572,14.737211428571433,2.7225828571428607,22.660566166958397,4.0,2.9653714285714283,-0.38452857142857155,
2025-10-13 16:23:00-04:00,2025-10-13 16:26:00-04:00,atr_trail,1,14.008371285714286,13.32217842857143,14.018371285714286,13.31217842857143,-0.706192857142856,-5.037624148694908,3.0,0.9616287142857143,-2.308371285714287,
2025-10-13 16:33:00-04:00,2025-10-13 16:40:00-04:00,atr_trail,1,15.024254571428571,15.919628571428571,15.034254571428571,15.909628571428572,0.8753740000000008,5.8225301150852005,7.0,2.425745428571428,-0.32425457142857184,
2025-10-13 16:34:00-04:00,2025-10-13 16:40:00-04:00,atr_trail,1,17.22759742857143,16.117226,17.23759742857143,16.107225999999997,-1.1303714285714328,-6.55759268804964,6.0,0.2224025714285709,-1.6475974285714283,
2025-10-13 16:48:00-04:00,2025-10-13 16:59:00-04:00,atr_trail,1,18.020291,18.18897857142857,18.030291000000002,18.17897857142857,0.14868757142856737,0.824654307734507,11.0,1.7797090000000004,-1.0202910000000003,
2025-10-13 16:49:00-04:00,2025-10-13 16:51:00-04:00,atr_trail,1,18.77026742857143,17.78587457142857,18.78026742857143,17.77587457142857,-1.0043928571428609,-5.348128619376446,2.0,-0.1952674285714302,-1.7702674285714295,
2025-10-13 16:55:00-04:00,2025-10-13 16:57:00-04:00,atr_trail,1,19.730149,18.641984714285716,19.740149000000002,18.631984714285714,-1.1081642857142882,-5.6137584661305695,2.0,0.06985099999999989,-2.0301490000000015,
2025-10-13 17:45:00-04:00,2025-10-13 17:52:00-04:00,atr_trail,1,17.747561428571426,17.689457142857144,17.757561428571428,17.679457142857142,-0.07810428571428574,-0.4398367761725308,7.0,0.5524385714285742,-0.43756142857142777,
2025-10-13 17:49:00-04:00,2025-10-13 17:52:00-04:00,atr_trail,1,18.308010857142857,17.879603714285714,18.31801085714286,17.869603714285713,-0.4484071428571461,-2.4479030302697713,3.0,-0.008010857142856764,-0.6580108571428589,
2025-10-13 17:59:00-04:00,2025-10-13 18:04:00-04:00,target_R_hit,1,19.169062,22.592772400000005,19.179062000000002,22.582772400000003,3.4037104000000014,17.747011819451863,5.0,4.0109379999999994,-0.06906199999999885,
2025-10-13 18:00:00-04:00,2025-10-13 18:07:00-04:00,target_R_hit,1,20.410404857142854,24.094469542857134,20.420404857142856,24.084469542857132,3.6640646857142762,17.943153974406243,7.0,4.079595142857144,-1.0604048571428528,
2025-10-13 18:02:00-04:00,2025-10-13 18:07:00-04:00,target_R_hit,1,21.131912571428572,24.319388228571427,21.141912571428573,24.309388228571425,3.1674756571428517,14.981973113555558,5.0,3.3580874285714266,-0.42191257142857097,
2025-10-13 18:04:00-04:00,2025-10-13 18:08:00-04:00,target_R_hit,1,22.012855428571427,25.429005371428563,22.02285542857143,25.41900537142856,3.3961499428571322,15.42102455275225,4.0,3.7871445714285734,-0.5128554285714273,
2025-10-13 18:05:00-04:00,2025-10-13 18:09:00-04:00,atr_trail,1,23.194626857142858,22.864671428571427,23.20462685714286,22.854671428571425,-0.3499554285714339,-1.5081278002266663,4.0,2.605373142857143,-0.934626857142856,
2025-10-13 19:51:00-04:00,2025-10-13 19:55:00-04:00,atr_trail,1,23.2,22.764564285714286,23.21,22.754564285714284,-0.4554357142857164,-1.9622391826183416,4.0,0.3000000000000007,-0.9100000000000001,
2025-10-13 16:38:00-04:00,2025-10-13 16:41:00-04:00,atr_trail,1,7.503342857142857,7.701428571428572,7.513342857142857,7.691428571428572,0.1780857142857153,2.370259386158735,3.0,0.4966571428571429,-0.053342857142856914,
2025-10-13 16:39:00-04:00,2025-10-13 16:41:00-04:00,atr_trail,1,8.003914285714286,7.805342857142858,8.013914285714286,7.795342857142858,-0.21857142857142797,-2.727399130797503,2.0,-0.003914285714285981,-0.40391428571428634,
2025-10-13 10:38:00-04:00,2025-10-13 10:39:00-04:00,vwap_break,1,9.253490571428571,9.28,9.263490571428571,9.27,0.006509428571428444,0.07026971659587211,1.0,0.04650942857142937,-0.10849057142857177,
2025-10-13 10:42:00-04:00,2025-10-13 10:43:00-04:00,vwap_break,1,9.473810142857143,9.33,9.483810142857143,9.32,-0.1638101428571428,-1.7272608834384862,1.0,-0.05381014285714336,-0.19381014285714393,
2025-10-13 13:04:00-04:00,2025-10-13 13:06:00-04:00,atr_trail,1,10.553277857142858,10.361656428571429,10.563277857142857,10.35165642857143,-0.21162142857142818,-2.0033689488564432,2.0,-0.06117785714285695,-0.5437778571428584,
2025-10-13 13:31:00-04:00,2025-10-13 13:37:00-04:00,atr_trail,1,11.223250142857143,11.44275,11.233250142857143,11.43275,0.19949985714285745,1.7759762722787231,6.0,0.4767498571428561,-0.4132501428571427,
2025-10-13 13:36:00-04:00,2025-10-13 13:40:00-04:00,atr_trail,1,11.66,11.405178571428571,11.67,11.395178571428572,-0.27482142857142833,-2.354939405067935,4.0,0.03999999999999915,-0.5600000000000005,
2025-10-13 14:20:00-04:00,2025-10-13 14:23:00-04:00,atr_trail,1,11.723689571428572,11.652407142857141,11.733689571428572,11.642407142857142,-0.09128242857143043,-0.7779516239606488,3.0,0.08831042857142712,-0.24368957142857184,
2025-10-13 07:34:00-04:00,2025-10-13 07:39:00-04:00,atr_trail,1,10.829371428571429,9.801514285714287,10.839371428571429,9.791514285714287,-1.0478571428571417,-9.667139370232313,5.0,0.6706285714285709,-2.0693714285714293,
2025-10-13 11:14:00-04:00,2025-10-13 11:15:00-04:00,vwap_break,1,7.863888714285714,7.26,7.873888714285714,7.25,-0.6238887142857141,-7.923514503751916,1.0,-0.12388871428571413,-0.643388714285714,
2025-10-13 11:43:00-04:00,2025-10-13 11:45:00-04:00,atr_trail,1,7.893365428571428,7.893871428571428,7.903365428571428,7.883871428571428,-0.0194939999999999,-0.24665441799676113,2.0,0.306634571428571,-0.6933654285714281,
2025-10-13 11:45:00-04:00,2025-10-13 11:46:00-04:00,vwap_break,1,8.20412257142857,7.39,8.21412257142857,7.38,-0.83412257142857,-10.15473733408756,1.0,-0.13912257142857065,-1.04412257142857,
2025-10-13 16:04:00-04:00,2025-10-13 16:11:00-04:00,atr_trail,1,7.433788428571428,8.477885714285714,7.443788428571428,8.467885714285714,1.0240972857142863,13.757743057063564,7.0,1.7962115714285725,-0.3337884285714283,
2025-10-13 16:06:00-04:00,2025-10-13 16:11:00-04:00,atr_trail,1,8.2,8.477885714285714,8.209999999999999,8.467885714285714,0.25788571428571494,3.1411171045763187,5.0,1.0300000000000011,-0.5099999999999989,
2025-10-13 16:09:00-04:00,2025-10-13 16:11:00-04:00,atr_trail,1,9.239042285714286,8.669070857142858,9.249042285714285,8.659070857142858,-0.5899714285714275,-6.378729930586157,2.0,-0.059042285714285825,-0.8590422857142848,
2025-10-13 17:19:00-04:00,2025-10-13 17:21:00-04:00,vwap_break,1,8.303578571428572,8.0,8.313578571428572,7.99,-0.3235785714285715,-3.892169523009259,2.0,0.4364214285714283,-0.3035785714285719,
2025-10-13 17:20:00-04:00,2025-10-13 17:21:00-04:00,vwap_break,1,8.744278571428572,8.0,8.754278571428571,7.99,-0.7642785714285711,-8.730343285201759,1.0,-0.17427857142857128,-0.7442785714285716,
2025-10-13 09:39:00-04:00,2025-10-13 09:45:00-04:00,atr_trail,1,5.2050091428571434,4.963114285714286,5.215009142857143,4.953114285714286,-0.261894857142857,-5.021944352706786,6.0,0.11499085714285684,-1.2050091428571434,
2025-10-13 10:11:00-04:00,2025-10-13 10:13:00-04:00,atr_trail,1,5.634530142857143,5.366587285714286,5.644530142857143,5.356587285714286,-0.2879428571428564,-5.101272379725586,2.0,-0.09453014285714278,-0.6845301428571426,
2025-10-13 10:40:00-04:00,2025-10-13 10:43:00-04:00,atr_trail,1,5.324077714285715,5.142670571428572,5.334077714285715,5.132670571428572,-0.20140714285714267,-3.775856926826071,3.0,-0.03407771428571493,-0.26407771428571536,
2025-10-13 11:04:00-04:00,2025-10-13 11:11:00-04:00,atr_trail,1,5.944571142857143,5.71055,5.954571142857143,5.70055,-0.25402114285714283,-4.265985522095173,7.0,0.21532885714285754,-0.3445711428571432,
2025-10-13 12:43:00-04:00,2025-10-13 12:45:00-04:00,atr_trail,1,6.473291428571429,6.244098571428572,6.4832914285714285,6.234098571428572,-0.2491928571428561,-3.84361646994118,2.0,0.07670857142857113,-0.9432914285714284,
2025-10-13 14:29:00-04:00,2025-10-13 14:32:00-04:00,atr_trail,1,6.1733524285714285,6.036028571428572,6.183352428571428,6.026028571428572,-0.15732385714285613,-2.5443132824826464,3.0,0.07664757142857148,-0.27335242857142816,
2025-10-13 15:02:00-04:00,2025-10-13 15:08:00-04:00,atr_trail,1,6.593342571428571,6.700742857142857,6.603342571428571,6.690742857142857,0.0874002857142866,1.3235764276784856,6.0,0.35655742857142947,-0.13334257142857098,
2025-10-13 15:03:00-04:00,2025-10-13 15:05:00-04:00,atr_trail,1,6.953685142857143,6.739413714285715,6.963685142857143,6.729413714285715,-0.2342714285714278,-3.3641875496299045,2.0,-0.023685142857143404,-0.3936851428571435,
2025-10-13 15:26:00-04:00,2025-10-13 15:29:00-04:00,atr_trail,1,7.494632285714286,7.533878571428572,7.504632285714286,7.523878571428572,0.019246285714285882,0.2564587441668875,3.0,0.41536771428571395,-0.21463228571428594,
2025-10-13 15:28:00-04:00,2025-10-13 15:30:00-04:00,atr_trail,1,7.914761,7.675282428571429,7.924761,7.665282428571429,-0.2594785714285708,-3.274276302194734,2.0,-0.06476100000000073,-0.7047610000000004,
2025-10-13 15:36:00-04:00,2025-10-13 15:40:00-04:00,atr_trail,1,7.935470428571429,8.328857142857144,7.945470428571428,8.318857142857144,0.3733867142857159,4.699365728466365,4.0,0.7645295714285707,-0.07547042857142827,
2025-10-13 15:37:00-04:00,2025-10-13 15:40:00-04:00,atr_trail,1,8.446016428571427,8.328857142857144,8.456016428571427,8.318857142857144,-0.13715928571428293,-1.622031920974576,3.0,0.25398357142857186,-0.30601642857142686,
2025-10-13 10:26:00-04:00,2025-10-13 10:34:00-04:00,atr_trail,1,7.853668428571428,8.075528571428572,7.863668428571428,8.065528571428572,0.2018601428571447,2.56699712978381,8.0,0.5163315714285712,-0.15366842857142782,
2025-10-13 17:06:00-04:00,2025-10-13 17:08:00-04:00,atr_trail,1,10.48464342857143,10.240257714285715,10.494643428571429,10.230257714285715,-0.264385714285714,-2.5192443753346616,2.0,0.18535657142857076,-0.6246434285714297,
2025-10-13 18:20:00-04:00,2025-10-13 18:26:00-04:00,atr_trail,1,10.99,10.916835714285714,11.0,10.906835714285714,-0.09316428571428581,-0.8469480519480488,6.0,0.20999999999999908,-0.370000000000001,
2025-10-13 18:32:00-04:00,2025-10-13 18:36:00-04:00,target_R_hit,1,11.45,12.799710999999999,11.459999999999999,12.789710999999999,1.3297109999999996,11.60306282722512,4.0,1.4400000000000013,-0.4499999999999993,
2025-10-13 18:35:00-04:00,2025-10-13 18:37:00-04:00,atr_trail,1,12.306425571428573,12.463007142857142,12.316425571428573,12.453007142857142,0.13658157142856986,1.1089383899287153,2.0,0.6935744285714271,-0.6964255714285734,
2025-10-13 18:37:00-04:00,2025-10-13 18:40:00-04:00,atr_trail,1,12.897539857142858,12.349825571428573,12.907539857142858,12.339825571428573,-0.5677142857142847,-4.398315186298795,3.0,0.10246014285714189,-1.1875398571428573,
2025-10-13 09:46:00-04:00,2025-10-13 09:48:00-04:00,atr_trail,1,6.674685714285714,6.443257142857143,6.684685714285714,6.433257142857143,-0.2514285714285709,-3.7612624164401254,2.0,0.1753142857142853,-0.314685714285714,
2025-10-13 09:57:00-04:00,2025-10-13 09:59:00-04:00,atr_trail,1,7.154827571428572,6.954435714285714,7.164827571428572,6.9444357142857145,-0.22039185714285736,-3.0760245790383167,2.0,0.34517242857142794,-0.5048275714285717,
2025-10-13 10:02:00-04:00,2025-10-13 10:05:00-04:00,atr_trail,1,7.3856275714285715,7.087084714285714,7.395627571428571,7.077084714285714,-0.318542857142857,-4.3071781815174015,3.0,0.25437242857142817,-0.5756275714285719,
2025-10-13 10:33:00-04:00,2025-10-13 10:35:00-04:00,atr_trail,1,7.093317714285714,6.934803428571429,7.103317714285714,6.924803428571429,-0.17851428571428496,-2.513111378296784,2.0,-0.06331771428571376,-0.3533177142857138,
2025-10-13 10:46:00-04:00,2025-10-13 10:53:00-04:00,target_R_hit,1,7.003401142857143,8.086771657142858,7.013401142857143,8.076771657142858,1.0633705142857153,15.161980508825067,7.0,1.236598857142857,-0.06340114285714282,
2025-10-13 10:53:00-04:00,2025-10-13 10:55:00-04:00,atr_trail,1,7.704107142857143,7.6425,7.714107142857142,7.6325,-0.0816071428571421,-1.0578948586772774,2.0,0.5358928571428576,-0.5941071428571423,
2025-10-13 11:43:00-04:00,2025-10-13 11:51:00-04:00,target_R_hit,1,7.653201857142857,8.632788942857141,7.663201857142857,8.622788942857142,0.9595870857142845,12.522012385982695,8.0,1.1467981428571434,-0.19320185714285731,
2025-10-13 11:44:00-04:00,2025-10-13 11:56:00-04:00,target_R_hit,1,7.993873428571429,9.46664897142857,8.00387342857143,9.45664897142857,1.4527755428571414,18.150906005974154,12.0,1.6461265714285718,-0.3138734285714291,
2025-10-13 11:47:00-04:00,2025-10-13 11:58:00-04:00,atr_trail,1,8.444744857142856,9.268707142857142,8.454744857142856,9.258707142857142,0.8039622857142863,9.509007064063812,11.0,1.3852551428571438,-0.34474485714285663,
2025-10-13 11:57:00-04:00,2025-10-13 11:59:00-04:00,atr_trail,1,9.647399857142858,9.25347842857143,9.657399857142858,9.24347842857143,-0.41392142857142744,-4.286054576742837,2.0,0.182600142857142,-0.5872998571428578,
2025-10-13 12:30:00-04:00,2025-10-13 12:38:00-04:00,atr_trail,1,9.99575142857143,10.293542857142857,10.005751428571429,10.283542857142857,0.2777914285714278,2.776317506531245,8.0,0.95424857142857,-0.24105142857142958,
2025-10-13 12:36:00-04:00,2025-10-13 12:38:00-04:00,atr_trail,1,10.606129142857142,10.214314857142856,10.616129142857142,10.204314857142856,-0.4118142857142857,-3.8791378681689026,2.0,0.34387085714285703,-0.5861291428571427,
2025-10-13 12:57:00-04:00,2025-10-13 12:59:00-04:00,atr_trail,1,13.491285571428572,12.772007,13.501285571428571,12.762007,-0.7392785714285708,-5.475616136829464,2.0,0.3787144285714277,-1.641285571428572,
2025-10-13 14:17:00-04:00,2025-10-13 14:19:00-04:00,atr_trail,1,11.256264,10.935135428571428,11.266264,10.925135428571428,-0.34112857142857145,-3.0278766006954116,2.0,0.14373600000000053,-0.3462639999999997,
2025-10-13 12:03:00-04:00,2025-10-13 12:05:00-04:00,atr_trail,1,7.3,7.021478571428571,7.31,7.0114785714285714,-0.29852142857142816,-4.08374047293335,2.0,0.1299999999999999,-0.7000000000000002,
2025-10-13 16:02:00-04:00,2025-10-13 16:03:00-04:00,atr_trail,1,5.604298,6.255171428571429,5.614298,6.245171428571429,0.6308734285714293,11.236906708041317,1.0,1.0957020000000002,-0.45429799999999965,
2025-10-13 16:03:00-04:00,2025-10-13 16:05:00-04:00,atr_trail,1,6.706496571428572,6.211089428571428,6.716496571428571,6.201089428571429,-0.5154071428571427,-7.673749809530806,2.0,-0.036496571428571656,-1.6764965714285713,
2025-10-13 08:55:00-04:00,2025-10-13 08:58:00-04:00,atr_trail,1,11.959261714285715,11.872307142857142,11.969261714285715,11.862307142857142,-0.10695457142857201,-0.8935770140351962,3.0,0.5407382857142853,-0.4289617142857143,
2025-10-13 08:58:00-04:00,2025-10-13 09:00:00-04:00,atr_trail,1,12.420753857142858,11.852346714285714,12.430753857142857,11.842346714285714,-0.5884071428571431,-4.733479156769215,2.0,0.07924614285714249,-1.3207538571428579,
2025-10-13 09:19:00-04:00,2025-10-13 09:27:00-04:00,atr_trail,1,11.90854242857143,11.636992857142857,11.91854242857143,11.626992857142858,-0.29154957142857185,-2.446184784556049,8.0,0.3714575714285697,-0.58824242857143,
2025-10-13 09:31:00-04:00,2025-10-13 09:33:00-04:00,vwap_break,1,13.009686285714286,11.02,13.019686285714286,11.01,-2.0096862857142863,-15.435750459820163,2.0,-0.2596862857142863,-1.9896862857142867,
2025-10-13 10:27:00-04:00,2025-10-13 10:29:00-04:00,atr_trail,1,11.902376142857143,11.232497571428572,11.912376142857143,11.222497571428573,-0.6898785714285705,-5.791275923084694,2.0,-0.062376142857143435,-1.1523761428571433,
2025-10-13 10:48:00-04:00,2025-10-13 10:50:00-04:00,atr_trail,1,14.5,14.165392857142857,14.51,14.155392857142857,-0.3546071428571427,-2.443881067244269,2.0,1.3100000000000005,-1.1199999999999992,
2025-10-13 12:01:00-04:00,2025-10-13 12:07:00-04:00,atr_trail,1,17.442569,16.75747857142857,17.452569,16.74747857142857,-0.705090428571431,-4.040038051540895,6.0,0.5374310000000015,-1.0825689999999994,
2025-10-13 12:32:00-04:00,2025-10-13 12:40:00-04:00,atr_trail,1,18.382378714285714,18.517500000000002,18.392378714285716,18.5075,0.11512128571428448,0.6259184170934295,8.0,1.2876212857142875,-0.4023787142857138,
2025-10-13 12:33:00-04:00,2025-10-13 12:35:00-04:00,atr_trail,1,19.293693,18.618328714285717,19.303693000000003,18.608328714285715,-0.6953642857142874,-3.6022344828747888,2.0,-0.06369300000000067,-1.013693,
2025-10-13 12:39:00-04:00,2025-10-13 12:45:00-04:00,atr_trail,1,19.39415,18.625257142857144,19.40415,18.615257142857143,-0.7888928571428586,-4.065588325914094,6.0,0.2758500000000019,-1.7941499999999984,
2025-10-13 12:48:00-04:00,2025-10-13 13:01:00-04:00,atr_trail,1,20.628284857142855,21.929692857142857,20.638284857142857,21.919692857142856,1.281407999999999,6.208888039242799,13.0,3.5817151428571457,-1.0782848571428545,
2025-10-13 12:51:00-04:00,2025-10-13 13:01:00-04:00,atr_trail,1,21.95148485714286,21.929692857142857,21.96148485714286,21.919692857142856,-0.04179200000000449,-0.19029678672393135,10.0,2.258515142857142,-0.9514848571428587,
2025-10-13 14:10:00-04:00,2025-10-13 14:21:00-04:00,atr_trail,1,23.44005242857143,25.276178571428574,23.450052428571432,25.266178571428572,1.81612614285714,7.744657067991789,11.0,3.5599475714285695,-0.02005242857142875,
2025-10-13 14:20:00-04:00,2025-10-13 14:25:00-04:00,atr_trail,1,27.0,25.495464285714284,27.01,25.485464285714283,-1.5245357142857188,-5.644338075844946,5.0,0.6980000000000004,-3.5299000000000014,
2025-10-13 17:39:00-04:00,2025-10-13 17:41:00-04:00,atr_trail,1,21.006288714285713,20.585503,21.016288714285714,20.575502999999998,-0.4407857142857168,-2.0973527737373265,2.0,-0.15628871428571145,-1.5162887142857144,
2025-10-13 19:48:00-04:00,2025-10-13 19:50:00-04:00,atr_trail,1,21.104999714285714,20.771992571428573,21.114999714285716,20.76199257142857,-0.35300714285714463,-1.6718311514743345,2.0,-0.10499971428571442,-0.9649997142857138,
2025-10-13 09:50:00-04:00,2025-10-13 09:55:00-04:00,atr_trail,1,8.25324942857143,8.645964285714285,8.263249428571429,8.635964285714286,0.37271485714285646,4.510512000934397,5.0,0.5866505714285708,-0.17324942857142922,
2025-10-13 09:54:00-04:00,2025-10-13 09:57:00-04:00,atr_trail,1,8.843778714285714,8.613885857142856,8.853778714285713,8.603885857142856,-0.24989285714285714,-2.822442995324148,3.0,-0.003778714285713747,-0.47277871428571316,
2025-10-13 10:02:00-04:00,2025-10-13 10:06:00-04:00,atr_trail,1,9.185766,8.928451714285714,9.195765999999999,8.918451714285714,-0.27731428571428474,-3.0156735797135847,4.0,-0.025765999999999067,-0.315766,
2025-10-14 10:28:00-04:00,2025-10-14 10:30:00-04:00,atr_trail,1,18.009311,17.646092857142857,18.019311000000002,17.636092857142856,-0.38321814285714595,-2.1267080792220394,2.0,0.7405889999999999,-1.4893110000000007,
2025-10-14 11:05:00-04:00,2025-10-14 11:11:00-04:00,atr_trail,1,18.378111571428573,18.933214285714286,18.388111571428574,18.923214285714284,0.5351027142857099,2.9100471367443204,6.0,1.2418884285714284,-0.22141157142857182,
2025-10-14 11:06:00-04:00,2025-10-14 11:11:00-04:00,atr_trail,1,19.458923428571428,18.972137714285715,19.46892342857143,18.962137714285713,-0.5067857142857157,-2.603049501658561,5.0,0.16107657142857335,-0.8489234285714282,
2025-10-14 11:13:00-04:00,2025-10-14 11:20:00-04:00,atr_trail,1,21.154180142857143,21.04907857142857,21.164180142857145,21.03907857142857,-0.12510157142857636,-0.5911004848009549,7.0,1.8358198571428552,-0.7941801428571438,
2025-10-14 11:41:00-04:00,2025-10-14 11:46:00-04:00,atr_trail,1,21.753956,21.10565,21.763956,21.09565,-0.6683060000000012,-3.070700933231074,5.0,0.43604400000000254,-1.4239560000000004,
2025-10-14 11:52:00-04:00,2025-10-14 12:05:00-04:00,atr_trail,1,22.906597142857144,24.877335714285714,22.916597142857146,24.867335714285712,1.950738571428566,8.51233959068216,13.0,3.323402857142856,-1.1565971428571444,
2025-10-14 11:56:00-04:00,2025-10-14 12:05:00-04:00,atr_trail,1,23.467342285714285,24.877335714285714,23.477342285714286,24.867335714285712,1.389993428571426,5.920574022627867,9.0,2.762657714285716,-0.5624422857142832,
2025-10-14 11:57:00-04:00,2025-10-14 12:05:00-04:00,atr_trail,1,24.404516142857144,24.877335714285714,24.414516142857146,24.867335714285712,0.45281957142856655,1.8547145017291156,8.0,1.8254838571428564,-1.1645161428571456,
2025-10-14 12:03:00-04:00,2025-10-14 12:05:00-04:00,atr_trail,1,25.600114714285713,24.832328571428572,25.610114714285714,24.82232857142857,-0.7877861428571435,-3.0760742450626544,2.0,0.6298852857142876,-1.7701147142857145,
2025-10-14 12:05:00-04:00,2025-10-14 12:07:00-04:00,atr_trail,1,26.251253285714284,25.16166757142857,26.261253285714286,25.15166757142857,-1.1095857142857177,-4.225181876179973,2.0,-0.3312532857142827,-2.747853285714285,
2025-10-14 12:31:00-04:00,2025-10-14 12:34:00-04:00,atr_trail,1,25.403342285714285,24.84009285714286,25.413342285714286,24.83009285714286,-0.5832494285714276,-2.2950520321732393,3.0,0.6766577142857138,-0.7933422857142851,
2025-10-14 13:50:00-04:00,2025-10-14 13:59:00-04:00,atr_trail,1,23.978410142857143,24.524814285714285,23.988410142857145,24.514814285714284,0.5264041428571389,2.1944102994832404,9.0,1.7915898571428563,-0.9681101428571424,
2025-10-14 13:56:00-04:00,2025-10-14 13:59:00-04:00,atr_trail,1,24.508391714285715,24.48417142857143,24.518391714285716,24.474171428571427,-0.04422028571428882,-0.18035557237844335,3.0,1.261608285714285,-1.4980917142857137,
2025-10-14 14:24:00-04:00,2025-10-14 14:26:00-04:00,atr_trail,1,24.758557,24.756314285714286,24.768557,24.746314285714284,-0.022242714285717113,-0.08980222095988921,2.0,0.6014429999999997,-0.578557,
2025-10-14 14:26:00-04:00,2025-10-14 14:37:00-04:00,target_R_hit,1,25.359332285714288,28.166449314285725,25.36933228571429,28.156449314285723,2.7871170285714335,10.986166278175503,11.0,4.040667714285711,-0.7193322857142874,
2025-10-14 14:37:00-04:00,2025-10-14 14:39:00-04:00,atr_trail,1,29.21,28.193764285714288,29.220000000000002,28.183764285714286,-1.0362357142857164,-3.546323457514433,2.0,0.18999999999999773,-3.75,
2025-10-14 14:38:00-04:00,2025-10-14 14:40:00-04:00,atr_trail,1,29.415911857142856,28.364676142857142,29.425911857142857,28.35467614285714,-1.0712357142857165,-3.6404503605066196,2.0,-0.7959118571428547,-3.955911857142855,
2025-10-14 14:57:00-04:00,2025-10-14 15:15:00-04:00,atr_trail,1,30.721903285714284,35.80305714285714,30.731903285714285,35.793057142857144,5.061153857142859,16.468728962503064,18.0,6.848096714285717,-0.8419032857142845,
2025-10-14 15:02:00-04:00,2025-10-14 15:14:00-04:00,target_R_hit,1,31.713374714285717,37.54665208571429,31.72337471428572,37.536652085714294,5.813277371428576,18.324902138519118,12.0,5.8566252857142835,-1.2733747142857155,
2025-10-14 15:11:00-04:00,2025-10-14 15:15:00-04:00,atr_trail,1,34.30124442857143,35.80305714285714,34.31124442857143,35.793057142857144,1.4818127142857165,4.318737891802571,4.0,3.2687555714285708,-1.2122444285714309,
2025-10-14 15:12:00-04:00,2025-10-14 15:15:00-04:00,atr_trail,1,35.47338871428571,35.80305714285714,35.48338871428571,35.793057142857144,0.3096684285714346,0.8727137959254838,3.0,2.096611285714289,-2.083388714285711,
2025-10-14 15:15:00-04:00,2025-10-14 15:17:00-04:00,atr_trail,1,37.605338857142854,35.83550314285714,37.61533885714285,35.825503142857144,-1.789835714285708,-4.758260243469358,2.0,-0.0353388571428539,-4.050838857142857,
2025-10-14 15:34:00-04:00,2025-10-14 15:39:00-04:00,atr_trail,1,37.02764442857143,36.29543571428571,37.037644428571426,36.28543571428571,-0.7522087142857146,-2.030930222186189,5.0,2.372355571428571,-3.0276444285714277,
2025-10-14 15:37:00-04:00,2025-10-14 15:39:00-04:00,atr_trail,1,38.752891285714284,36.69748414285714,38.76289128571428,36.687484142857144,-2.075407142857138,-5.354108205086372,2.0,0.6471087142857144,-4.752891285714284,
2025-10-14 16:01:00-04:00,2025-10-14 16:05:00-04:00,atr_trail,1,6.115611285714286,6.424935714285715,6.125611285714286,6.414935714285715,0.2893244285714287,4.723192757042405,4.0,1.1192887142857133,-0.3256112857142863,
2025-10-14 16:03:00-04:00,2025-10-14 16:05:00-04:00,atr_trail,1,6.89689,6.45054,6.90689,6.44054,-0.4663499999999994,-6.7519534841296025,2.0,0.3380099999999997,-0.6268900000000004,
2025-10-14 10:43:00-04:00,2025-10-14 10:47:00-04:00,atr_trail,1,11.883281571428572,11.7464,11.893281571428572,11.7364,-0.1568815714285723,-1.3190772495074166,4.0,0.046718428571427495,-0.2832815714285726,
2025-10-14 14:39:00-04:00,2025-10-14 14:41:00-04:00,target_R_hit,1,14.603542714285714,15.395625685714288,14.613542714285714,15.385625685714288,0.7720829714285742,5.283338794184456,2.0,1.1464572857142858,-0.3335427142857146,
2025-10-14 14:41:00-04:00,2025-10-14 14:42:00-04:00,atr_trail,1,15.004302714285714,15.428514285714284,15.014302714285714,15.418514285714284,0.40421157142857034,2.69217678050393,1.0,0.7456972857142858,-0.07130271428571433,
2025-10-14 14:42:00-04:00,2025-10-14 14:45:00-04:00,atr_trail,1,15.755429714285714,15.432492642857143,15.765429714285714,15.422492642857144,-0.34293707142857066,-2.1752472190327943,3.0,-0.015429714285714269,-0.8054297142857152,
2025-10-14 15:07:00-04:00,2025-10-14 15:09:00-04:00,atr_trail,1,16.626704714285715,16.28044757142857,16.636704714285717,16.27044757142857,-0.3662571428571475,-2.201500532389966,2.0,0.010195285714285518,-0.9217047142857151,
2025-10-14 15:28:00-04:00,2025-10-14 15:31:00-04:00,atr_trail,1,16.981488714285714,16.35111014285714,16.991488714285715,16.34111014285714,-0.6503785714285755,-3.8276726799210015,3.0,-0.011488714285714963,-1.0413887142857146,
2025-10-14 10:48:00-04:00,2025-10-14 10:52:00-04:00,atr_trail,1,7.183293364285714,7.18275,7.193293364285714,7.172750000000001,-0.020543364285713572,-0.28559052502585835,4.0,0.5667066357142856,-0.41329336428571484,
2025-10-14 11:40:00-04:00,2025-10-14 11:50:00-04:00,atr_trail,1,16.605512285714287,17.105807142857145,16.61551228571429,17.095807142857144,0.48029485714285514,2.8906412807735427,10.0,0.769487714285713,-0.2555122857142855,
2025-10-14 13:22:00-04:00,2025-10-14 13:24:00-04:00,atr_trail,1,18.433005714285713,18.236662857142857,18.443005714285714,18.226662857142856,-0.21634285714285895,-1.1730347021217002,2.0,-0.17300571428571132,-0.7830057142857143,
2025-10-14 13:37:00-04:00,2025-10-14 13:42:00-04:00,atr_trail,1,18.753403285714285,19.181671428571427,18.763403285714286,19.171671428571425,0.4082681428571391,2.175874688830981,5.0,0.6065967142857147,-0.2734032857142843,
2025-10-14 14:06:00-04:00,2025-10-14 14:10:00-04:00,atr_trail,1,19.76466542857143,20.55697142857143,19.77466542857143,20.546971428571428,0.7723059999999968,3.9055325754544956,4.0,1.07533457142857,-0.06466542857143054,
2025-10-14 14:10:00-04:00,2025-10-14 14:12:00-04:00,atr_trail,1,20.84566057142857,20.505489142857144,20.855660571428572,20.495489142857142,-0.36017142857143014,-1.7269720483696904,2.0,-0.1157605714285701,-0.8256605714285712,
2025-10-14 07:40:00-04:00,2025-10-14 07:42:00-04:00,atr_trail,1,7.4738,7.269514285714285,7.4838,7.259514285714285,-0.2242857142857142,-2.996949601615684,2.0,-0.12380000000000013,-0.42379999999999995,
2025-10-14 09:34:00-04:00,2025-10-14 09:38:00-04:00,atr_trail,1,19.668827714285715,21.19317142857143,19.678827714285717,21.183171428571427,1.5043437142857101,7.644478299861546,4.0,2.151172285714285,-0.5088277142857152,
2025-10-14 09:35:00-04:00,2025-10-14 09:38:00-04:00,atr_trail,1,20.229599142857143,21.19317142857143,20.239599142857145,21.183171428571427,0.9435722857142821,4.662010739710132,3.0,1.590400857142857,-0.4495991428571422,
2025-10-14 09:38:00-04:00,2025-10-14 09:49:00-04:00,vwap_break,1,21.832536571428573,17.0,21.842536571428575,16.99,-4.852536571428576,-22.215993804382606,11.0,-0.5125365714285728,-4.832536571428573,
2025-10-14 08:28:00-04:00,2025-10-14 08:30:00-04:00,atr_trail,1,17.697328000000002,17.291642285714286,17.707328000000004,17.281642285714284,-0.42568571428572,-2.404008748726627,2.0,0.26267199999999846,-0.9073280000000032,
2025-10-14 08:54:00-04:00,2025-10-14 08:57:00-04:00,atr_trail,1,18.846708142857143,18.386743857142857,18.856708142857144,18.376743857142856,-0.4799642857142885,-2.545323828942525,3.0,0.10329185714285671,-0.8167081428571414,
2025-10-14 08:59:00-04:00,2025-10-14 09:04:00-04:00,atr_trail,1,19.46124814285714,19.074735714285712,19.471248142857142,19.06473571428571,-0.4065124285714319,-2.087757423606962,5.0,0.5387518571428593,-0.9409481428571418,
2025-10-14 09:00:00-04:00,2025-10-14 09:02:00-04:00,atr_trail,1,20.012248142857143,19.34126242857143,20.022248142857144,19.331262428571428,-0.6909857142857163,-3.451089554757225,2.0,-0.21224814285714189,-1.1422481428571416,
2025-10-14 09:41:00-04:00,2025-10-14 09:55:00-04:00,atr_trail,1,19.676919285714288,22.284321428571428,19.68691928571429,22.274321428571426,2.5874021428571368,13.142747757058526,14.0,4.323080714285712,-1.876919285714287,
2025-10-14 09:52:00-04:00,2025-10-14 09:55:00-04:00,atr_trail,1,22.63,22.261464285714286,22.64,22.251464285714285,-0.388535714285716,-1.7161471479051005,3.0,1.370000000000001,-2.259999999999998,
2025-10-14 12:48:00-04:00,2025-10-14 12:49:00-04:00,vwap_break,1,17.228192142857143,16.99,17.238192142857145,16.979999999999997,-0.25819214285714764,-1.4977913038527801,1.0,0.2318078571428579,-0.7681921428571421,
2025-10-14 13:01:00-04:00,2025-10-14 13:02:00-04:00,vwap_break,1,17.699364142857146,16.0273,17.709364142857147,16.0173,-1.6920641428571486,-9.554629568897433,1.0,0.10063585714285495,-1.7993641428571454,
2025-10-14 14:09:00-04:00,2025-10-14 14:10:00-04:00,vwap_break,1,16.704309285714285,16.295,16.714309285714286,16.285,-0.42930928571428595,-2.5685134717545077,1.0,-0.055409285714283385,-0.43430928571428495,
2025-10-14 14:42:00-04:00,2025-10-14 14:43:00-04:00,vwap_break,1,16.794028,17.3108,16.804028000000002,17.3008,0.49677199999999644,2.9562673901757153,1.0,0.7059719999999992,-0.21402800000000255,
2025-10-14 14:43:00-04:00,2025-10-14 14:44:00-04:00,vwap_break,1,17.104585,17.09,17.114585,17.08,-0.03458500000000342,-0.20207910387545214,1.0,0.39541499999999985,-0.1915849999999999,
2025-10-14 14:44:00-04:00,2025-10-14 14:45:00-04:00,vwap_break,1,17.505239714285715,16.4301,17.515239714285716,16.420099999999998,-1.0951397142857182,-6.252496295511756,1.0,-0.06473971428571446,-1.0752397142857149,
2025-10-14 15:25:00-04:00,2025-10-14 15:26:00-04:00,atr_trail,1,20.413982857142855,20.59585714285714,20.423982857142857,20.58585714285714,0.16187428571428342,0.7925696317242714,1.0,1.3860171428571455,-0.2839828571428562,
2025-10-14 15:26:00-04:00,2025-10-14 15:28:00-04:00,atr_trail,1,21.815682857142857,20.922797142857142,21.82568285714286,20.91279714285714,-0.9128857142857179,-4.182621548479792,2.0,-0.31568285714285693,-1.685682857142858,
2025-10-14 08:11:00-04:00,2025-10-14 08:13:00-04:00,atr_trail,1,11.813662285714287,11.516976571428572,11.823662285714287,11.506976571428572,-0.3166857142857147,-2.678406289296198,2.0,0.09633771428571336,-0.8736622857142873,
2025-10-14 08:49:00-04:00,2025-10-14 08:53:00-04:00,atr_trail,1,11.994194285714286,11.783765714285714,12.004194285714286,11.773765714285714,-0.23042857142857187,-1.9195671608114195,4.0,0.03580571428571311,-0.4041942857142864,
2025-10-14 16:34:00-04:00,2025-10-14 16:38:00-04:00,atr_trail,1,5.898298142857143,5.978328571428571,5.908298142857142,5.968328571428572,0.06003042857142926,1.0160358722588025,4.0,0.6651018571428571,-0.338298142857143,
2025-10-14 17:04:00-04:00,2025-10-14 17:06:00-04:00,atr_trail,1,6.414972428571429,6.148493857142857,6.4249724285714285,6.138493857142858,-0.2864785714285709,-4.458829584304825,2.0,0.01502757142857103,-0.7149724285714285,
2025-10-14 16:21:00-04:00,2025-10-14 16:25:00-04:00,atr_trail,1,6.155114428571429,6.196064285714286,6.165114428571429,6.186064285714286,0.02094985714285702,0.33981294890113034,4.0,0.5148855714285707,-0.20511442857142903,
2025-10-14 17:10:00-04:00,2025-10-14 17:11:00-04:00,target_R_hit,1,7.305173714285714,8.682931885714284,7.315173714285714,8.672931885714284,1.3577581714285705,18.560846597217797,1.0,1.4843262857142863,-0.1451737142857139,
2025-10-14 17:11:00-04:00,2025-10-14 17:14:00-04:00,atr_trail,1,8.126298142857141,9.743414285714286,8.136298142857141,9.733414285714286,1.5971161428571445,19.629518422444402,3.0,2.2837018571428587,-0.5531981428571413,
2025-10-14 17:14:00-04:00,2025-10-14 17:16:00-04:00,atr_trail,1,10.421765714285714,9.689594285714286,10.431765714285714,9.679594285714286,-0.7521714285714278,-7.210394186109559,2.0,-0.05746571428571379,-1.6017657142857136,
2025-10-14 17:21:00-04:00,2025-10-14 17:30:00-04:00,atr_trail,1,9.796613428571428,9.337857142857143,9.806613428571428,9.327857142857143,-0.47875628571428486,-4.8819736721693925,9.0,0.20338657142857208,-0.8866134285714278,
2025-10-14 17:58:00-04:00,2025-10-14 18:04:00-04:00,target_R_hit,1,9.504667571428572,10.60033922857143,9.514667571428571,10.59033922857143,1.075671657142859,11.305404514320339,6.0,1.2253324285714289,-0.20466757142857084,
2025-10-14 18:01:00-04:00,2025-10-14 18:05:00-04:00,atr_trail,1,9.704611857142856,10.323835714285714,9.714611857142856,10.313835714285714,0.5992238571428583,6.168273791631385,4.0,1.0953881428571446,-0.20461185714285612,
2025-10-14 18:05:00-04:00,2025-10-14 18:07:00-04:00,atr_trail,1,10.735523285714287,10.352273285714286,10.745523285714286,10.342273285714287,-0.4032499999999999,-3.7527255702484386,2.0,0.06447671428571411,-0.9855232857142866,
2025-10-14 18:27:00-04:00,2025-10-14 18:29:00-04:00,atr_trail,1,10.705435285714286,10.400785285714285,10.715435285714285,10.390785285714285,-0.3246500000000001,-3.0297415955917395,2.0,0.25436471428571394,-0.4654352857142854,
2025-10-14 19:21:00-04:00,2025-10-14 19:24:00-04:00,atr_trail,1,11.114645285714285,11.057921428571428,11.124645285714285,11.047921428571428,-0.07672385714285745,-0.6896746383579733,3.0,0.38535471428571455,-0.35464528571428566,
2025-10-14 19:32:00-04:00,2025-10-14 19:37:00-04:00,atr_trail,1,13.008511,12.743671428571428,13.018511,12.733671428571428,-0.28483957142857186,-2.187958142283486,5.0,0.3014890000000001,-0.7383109999999995,
2025-10-14 19:35:00-04:00,2025-10-14 19:37:00-04:00,atr_trail,1,13.249239714285714,12.79148257142857,13.259239714285714,12.78148257142857,-0.47775714285714344,-3.6032016401543743,2.0,0.060760285714286155,-0.8892397142857149,
2025-10-14 09:45:00-04:00,2025-10-14 09:51:00-04:00,atr_trail,1,6.995254428571429,6.832285714285714,7.005254428571429,6.822285714285714,-0.18296871428571482,-2.611878214436636,6.0,0.14474557142857059,-0.4352544285714295,
2025-10-14 10:09:00-04:00,2025-10-14 10:11:00-04:00,atr_trail,1,8.393060285714286,8.307485714285715,8.403060285714286,8.297485714285715,-0.10557457142857096,-1.2563824111562538,2.0,0.15693971428571452,-0.24306028571428584,
2025-10-14 10:22:00-04:00,2025-10-14 10:25:00-04:00,target_R_hit,1,8.853247857142858,9.594478142857144,8.863247857142857,9.584478142857144,0.7212302857142863,8.137313740279195,3.0,0.746752142857142,-0.15324785714285838,
2025-10-14 10:24:00-04:00,2025-10-14 10:26:00-04:00,atr_trail,1,9.153355000000001,9.086457142857142,9.163355000000001,9.076457142857143,-0.08689785714285847,-0.9483192252494721,2.0,0.4466449999999984,-0.26335500000000067,
2025-10-14 10:25:00-04:00,2025-10-14 10:27:00-04:00,atr_trail,1,9.283197857142856,9.093940714285713,9.293197857142856,9.083940714285713,-0.20925714285714214,-2.251723745409173,2.0,0.3168021428571439,-0.44319785714285587,
2025-10-14 10:46:00-04:00,2025-10-14 10:50:00-04:00,atr_trail,1,10.234758571428571,10.645814285714286,10.244758571428571,10.635814285714286,0.39105571428571473,3.8171296234966734,4.0,1.0552414285714278,-0.1647585714285711,
2025-10-14 10:47:00-04:00,2025-10-14 10:50:00-04:00,atr_trail,1,10.424944285714286,10.645814285714286,10.434944285714286,10.635814285714286,0.2008700000000001,1.9249743410225673,3.0,0.8650557142857132,-0.14264428571428667,
2025-10-14 10:48:00-04:00,2025-10-14 10:51:00-04:00,atr_trail,1,10.795255142857142,10.6297,10.805255142857142,10.6197,-0.18555514285714203,-1.71726757400823,3.0,0.494744857142857,-0.5352551428571424,
2025-10-14 10:50:00-04:00,2025-10-14 10:52:00-04:00,atr_trail,1,11.296123714285713,10.948916571428569,11.306123714285713,10.93891657142857,-0.3672071428571435,-3.2478606473513416,2.0,-0.11612371428571322,-1.1161237142857132,
2025-10-14 10:17:00-04:00,2025-10-14 10:22:00-04:00,atr_trail,1,6.993214285714286,6.924185714285715,7.003214285714286,6.914185714285715,-0.08902857142857101,-1.2712529960732244,5.0,0.1067857142857136,-0.15171428571428613,
2025-10-14 10:22:00-04:00,2025-10-14 10:30:00-04:00,atr_trail,1,9.873557714285713,9.672371428571427,9.883557714285713,9.662371428571428,-0.22118628571428545,-2.2379217292835984,8.0,0.12644228571428684,-0.37355771428571316,
2025-10-15 08:09:00-04:00,2025-10-15 08:11:00-04:00,atr_trail,1,13.383259571428573,13.133566714285715,13.393259571428572,13.123566714285715,-0.2696928571428572,-2.0136461606268363,2.0,-0.003259571428571917,-0.6332595714285727,
2025-10-15 09:31:00-04:00,2025-10-15 09:32:00-04:00,target_R_hit,1,14.244875571428572,15.79702082857143,14.254875571428572,15.78702082857143,1.532145257142858,10.748219088027522,1.0,1.5551244285714283,-0.09607557142857281,
2025-10-15 09:33:00-04:00,2025-10-15 09:35:00-04:00,atr_trail,1,15.806948714285715,15.387670142857143,15.816948714285715,15.377670142857143,-0.43927857142857185,-2.777264941320945,2.0,0.19305128571428476,-1.3069487142857152,
2025-10-15 11:50:00-04:00,2025-10-15 11:52:00-04:00,atr_trail,1,10.433121285714286,10.273128428571429,10.443121285714286,10.263128428571429,-0.17999285714285662,-1.7235542154344086,2.0,0.06687871428571412,-0.20312128571428545,
2025-10-15 12:42:00-04:00,2025-10-15 12:51:00-04:00,atr_trail,1,10.693120714285714,11.055257142857142,10.703120714285713,11.045257142857142,0.342136428571429,3.196604408233683,9.0,0.666779285714286,-0.13312071428571315,
2025-10-15 12:43:00-04:00,2025-10-15 12:51:00-04:00,atr_trail,1,10.853406428571429,11.055257142857142,10.863406428571428,11.045257142857142,0.18185071428571398,1.6739750600459402,8.0,0.506493571428571,-0.25340642857142903,
2025-10-15 12:45:00-04:00,2025-10-15 12:51:00-04:00,atr_trail,1,11.204246714285713,11.055257142857142,11.214246714285713,11.045257142857142,-0.16898957142857007,-1.5069186164175963,6.0,0.15565328571428694,-0.44424671428571294,
2025-10-15 13:24:00-04:00,2025-10-15 13:26:00-04:00,atr_trail,1,10.933253714285714,10.824121428571429,10.943253714285714,10.814121428571429,-0.12913228571428448,-1.1800172881463067,2.0,0.16674628571428585,-0.20325371428571337,
2025-10-15 13:25:00-04:00,2025-10-15 13:27:00-04:00,atr_trail,1,11.103496571428572,10.915839428571429,11.113496571428572,10.90583942857143,-0.20765714285714232,-1.8685131319606807,2.0,-0.013496571428571968,-0.3734965714285714,
2025-10-15 13:41:00-04:00,2025-10-15 13:44:00-04:00,atr_trail,1,11.293358142857143,11.115658142857143,11.303358142857142,11.105658142857143,-0.19769999999999932,-1.7490377417168745,3.0,0.096641857142858,-0.4433581428571429,
2025-10-15 16:52:00-04:00,2025-10-15 16:53:00-04:00,target_R_hit,1,6.227736428571428,10.250461571428572,6.237736428571428,10.240461571428572,4.002725142857144,64.1695138724201,1.0,5.272263571428572,-0.5577364285714284,
2025-10-15 16:53:00-04:00,2025-10-15 16:55:00-04:00,atr_trail,1,9.853479285714286,8.584515,9.863479285714286,8.574515,-1.288964285714286,-13.068048792692755,2.0,1.646520714285714,-3.973479285714286,
2025-10-15 17:26:00-04:00,2025-10-15 17:30:00-04:00,atr_trail,1,7.507682857142857,7.090711428571429,7.517682857142857,7.080711428571429,-0.4369714285714279,-5.81258130829826,4.0,0.13191714285714262,-0.8776828571428572,
2025-10-15 17:50:00-04:00,2025-10-15 17:52:00-04:00,atr_trail,1,7.206827285714286,6.9147487142857145,7.2168272857142854,6.904748714285715,-0.31207857142857076,-4.324318139722294,2.0,-0.06682728571428598,-0.7368272857142859,
2025-10-15 18:56:00-04:00,2025-10-15 18:58:00-04:00,atr_trail,1,8.003062,7.976142857142857,8.013062,7.966142857142858,-0.04691914285714205,-0.5855332562900717,2.0,0.21693800000000074,-0.4830620000000003,
2025-10-15 09:45:00-04:00,2025-10-15 09:46:00-04:00,vwap_break,1,12.994334,12.19,13.004334,12.18,-0.8243340000000003,-6.338917471667527,1.0,0.0256659999999993,-1.1543340000000004,
2025-10-15 11:38:00-04:00,2025-10-15 11:39:00-04:00,vwap_break,1,10.184370714285714,10.02,10.194370714285714,10.01,-0.1843707142857145,-1.8085541467248167,1.0,0.255629285714285,-0.1843707142857145,
2025-10-15 11:39:00-04:00,2025-10-15 11:40:00-04:00,vwap_break,1,10.444756428571429,10.02,10.454756428571429,10.01,-0.44475642857142894,-4.254106077076747,1.0,-0.024756428571429012,-0.44475642857142894,
2025-10-15 12:38:00-04:00,2025-10-15 12:39:00-04:00,vwap_break,1,10.683864714285715,10.2092,10.693864714285715,10.1992,-0.49466471428571523,-4.625687041139603,1.0,-0.013864714285714896,-0.47466471428571566,
2025-10-15 10:09:00-04:00,2025-10-15 10:11:00-04:00,atr_trail,1,20.995478857142857,20.358771714285712,21.005478857142858,20.34877171428571,-0.6567071428571474,-3.1263612094890925,2.0,-0.2754788571428577,-1.845478857142858,
2025-10-15 10:35:00-04:00,2025-10-15 10:37:00-04:00,atr_trail,1,20.20534357142857,20.211535714285716,20.215343571428573,20.201535714285715,-0.013807857142857927,-0.06830384600721162,2.0,0.29455642857142905,-0.2853435714285695,
2025-10-15 10:47:00-04:00,2025-10-15 10:51:00-04:00,target_R_hit,1,21.394487285714288,23.135880314285725,21.40448728571429,23.125880314285723,1.721393028571434,8.04220631680499,4.0,2.025512714285714,-0.6437872857142892,
2025-10-15 10:51:00-04:00,2025-10-15 10:56:00-04:00,atr_trail,1,23.00943714285714,24.028035714285714,23.019437142857143,24.018035714285713,0.9985985714285697,4.338066848599875,5.0,2.850562857142858,-0.8994371428571419,
2025-10-15 10:52:00-04:00,2025-10-15 10:56:00-04:00,atr_trail,1,23.430541571428574,24.028035714285714,23.440541571428575,24.018035714285713,0.5774941428571374,2.463655291825839,4.0,2.429458428571426,-1.3205415714285742,
2025-10-15 10:54:00-04:00,2025-10-15 10:56:00-04:00,atr_trail,1,23.892054285714284,24.028035714285714,23.902054285714286,24.018035714285713,0.1159814285714269,0.48523623612029,2.0,1.9679457142857153,-1.7820542857142847,
2025-10-15 10:55:00-04:00,2025-10-15 10:57:00-04:00,atr_trail,1,24.89391142857143,23.837582857142856,24.90391142857143,23.827582857142854,-1.0763285714285757,-4.3219257927240236,2.0,0.9660885714285712,-3.113911428571427,
2025-10-15 11:22:00-04:00,2025-10-15 11:30:00-04:00,atr_trail,1,22.83445857142857,22.400100000000002,22.84445857142857,22.3901,-0.45435857142857117,-1.9889224776674541,8.0,0.7555414285714299,-0.8344585714285699,
2025-10-15 13:52:00-04:00,2025-10-15 13:55:00-04:00,vwap_break,1,21.20632314285714,20.95,21.216323142857142,20.939999999999998,-0.27632314285714443,-1.3024082495188272,3.0,0.0135768571428585,-0.2863231428571389,
2025-10-15 16:04:00-04:00,2025-10-15 16:11:00-04:00,atr_trail,1,12.30752,15.041599999999999,12.31752,15.0316,2.714079999999999,22.034305606972815,7.0,4.182479999999998,-0.6675199999999997,
2025-10-15 16:10:00-04:00,2025-10-15 16:13:00-04:00,atr_trail,1,15.28,14.847185714285713,15.29,14.837185714285713,-0.45281428571428606,-2.9615061197795,3.0,1.209999999999999,-1.8717999999999986,
2025-10-16 08:23:00-04:00,2025-10-16 08:23:00-04:00,target_R_hit,1,16.60324057142857,17.629893828571433,16.613240571428573,17.61989382857143,1.0066532571428581,6.059343165559761,0.0,1.3867594285714269,-0.06324057142857242,
2025-10-16 08:24:00-04:00,2025-10-16 08:26:00-04:00,atr_trail,1,17.99500114285714,17.578422571428572,18.005001142857143,17.56842257142857,-0.4365785714285728,-2.4247628087586626,2.0,-0.19500114285714076,-1.5450011428571422,
2025-10-16 08:28:00-04:00,2025-10-16 08:30:00-04:00,target_R_hit,1,17.65908857142857,19.786683428571422,17.66908857142857,19.77668342857142,2.1075948571428498,11.928146993110289,2.0,2.9406114285714295,-0.42458857142856843,
2025-10-16 08:30:00-04:00,2025-10-16 08:34:00-04:00,atr_trail,1,19.446745857142858,18.65075714285714,19.45674585714286,18.64075714285714,-0.8159887142857194,-4.193860166941321,4.0,1.1529541428571406,-1.446745857142858,
2025-10-16 09:00:00-04:00,2025-10-16 09:01:00-04:00,vwap_break,1,17.83677257142857,17.34,17.84677257142857,17.33,-0.5167725714285716,-2.8956079837980764,1.0,-0.2367725714285669,-0.8367725714285683,
2025-10-16 12:41:00-04:00,2025-10-16 12:42:00-04:00,vwap_break,1,15.553702857142857,15.3317,15.563702857142857,15.3217,-0.2420028571428574,-1.5549182566910291,1.0,0.04629714285714215,-0.22200285714285783,
2025-10-16 12:45:00-04:00,2025-10-16 12:46:00-04:00,vwap_break,1,15.703661142857142,15.75,15.713661142857141,15.74,0.026338857142858885,0.16761757112746523,1.0,0.1963388571428588,-0.09366114285714211,
2025-10-16 12:54:00-04:00,2025-10-16 12:55:00-04:00,vwap_break,1,16.2,16.57,16.21,16.56,0.34999999999999787,2.1591610117211557,1.0,0.4499999999999993,-0.18989999999999796,
2025-10-16 12:56:00-04:00,2025-10-16 12:57:00-04:00,vwap_break,1,16.65509271428571,16.5004,16.665092714285713,16.490399999999998,-0.1746927142857153,-1.0482552799479183,1.0,0.24490728571428733,-0.15469271428571219,
2025-10-16 13:33:00-04:00,2025-10-16 13:34:00-04:00,vwap_break,1,16.723405999999997,16.6798,16.733406,16.6698,-0.06360600000000005,-0.3801138871548315,1.0,0.013194000000002148,-0.22330599999999734,
2025-10-16 13:36:00-04:00,2025-10-16 13:37:00-04:00,vwap_break,1,16.85305842857143,16.68,16.86305842857143,16.669999999999998,-0.19305842857143318,-1.1448601058295038,1.0,0.04694157142856881,-0.24305842857143034,
2025-10-16 16:18:00-04:00,2025-10-16 16:29:00-04:00,atr_trail,1,5.256069857142857,5.444678571428572,5.266069857142857,5.434678571428572,0.1686087142857149,3.201794105655753,11.0,0.7439301428571428,-0.4160698571428574,
2025-10-16 17:11:00-04:00,2025-10-16 17:16:00-04:00,atr_trail,1,6.083828142857143,6.173878571428572,6.093828142857142,6.163878571428572,0.07005042857143007,1.149530753563166,5.0,0.5061718571428573,-0.20382814285714268,
2025-10-16 17:13:00-04:00,2025-10-16 17:15:00-04:00,atr_trail,1,6.534236714285715,6.280258142857144,6.544236714285715,6.270258142857144,-0.27397857142857074,-4.186562671709149,2.0,0.055763285714284905,-0.3942367142857153,
2025-10-16 17:37:00-04:00,2025-10-16 17:41:00-04:00,atr_trail,1,6.5040505714285715,6.4270499999999995,6.514050571428571,6.41705,-0.09700057142857155,-1.489097610847967,4.0,0.1459494285714289,-0.23405057142857189,
2025-10-16 17:51:00-04:00,2025-10-16 17:54:00-04:00,atr_trail,1,6.803843428571429,6.614529142857143,6.813843428571428,6.604529142857143,-0.20931428571428512,-3.071897496743181,3.0,0.04615657142857099,-0.4738434285714286,
2025-10-16 13:27:00-04:00,2025-10-16 13:28:00-04:00,vwap_break,1,12.483255714285715,12.22,12.493255714285715,12.21,-0.2832557142857137,-2.26726900308154,1.0,-0.12325571428571536,-0.353255714285714,
2025-10-16 10:56:00-04:00,2025-10-16 11:12:00-04:00,atr_trail,1,5.7370411428571435,6.214907142857142,5.747041142857143,6.2049071428571425,0.4578659999999992,7.966986639186846,16.0,1.5129588571428565,-0.20704114285714326,
2025-10-16 11:10:00-04:00,2025-10-16 11:12:00-04:00,atr_trail,1,6.638301857142857,6.147423285714286,6.648301857142857,6.137423285714286,-0.5108785714285711,-7.684346806240294,2.0,0.6116981428571426,-0.5183018571428573,
2025-10-16 11:19:00-04:00,2025-10-16 11:23:00-04:00,atr_trail,1,6.678436428571429,6.275307142857143,6.688436428571428,6.265307142857143,-0.42312928571428543,-6.326281040913784,4.0,0.17156357142857104,-0.618436428571429,
2025-10-16 11:26:00-04:00,2025-10-16 11:41:00-04:00,atr_trail,1,7.281133142857143,7.659057142857143,7.291133142857142,7.649057142857143,0.3579240000000006,4.9090311888028815,15.0,1.5488668571428574,-0.40113314285714274,
2025-10-16 16:31:00-04:00,2025-10-16 16:33:00-04:00,atr_trail,1,6.5941,6.324814285714286,6.6041,6.314814285714286,-0.2892857142857137,-4.380395728194819,2.0,-0.24410000000000043,-0.7641,
2025-10-16 09:40:00-04:00,2025-10-16 09:42:00-04:00,atr_trail,1,15.465534714285715,15.159077571428572,15.475534714285715,15.149077571428572,-0.32645714285714256,-2.109504769200543,2.0,-0.06553471428571456,-0.44553471428571534,
2025-10-16 11:15:00-04:00,2025-10-16 11:19:00-04:00,atr_trail,1,11.504124142857142,11.573557142857142,11.514124142857142,11.563557142857142,0.049433000000000504,0.4293248829583485,4.0,0.4558758571428587,-0.13882414285714262,
2025-10-16 11:26:00-04:00,2025-10-16 11:39:00-04:00,atr_trail,1,11.847482428571428,11.987442857142858,11.857482428571428,11.977442857142858,0.11996042857142974,1.0116854846217382,13.0,0.5625175714285717,-0.3524824285714292,
2025-10-16 11:55:00-04:00,2025-10-16 12:03:00-04:00,target_R_hit,1,12.304479571428573,13.31926162857143,12.314479571428572,13.30926162857143,0.9947820571428583,8.07814939618643,8.0,1.5655204285714266,-0.35447957142857334,
2025-10-16 12:04:00-04:00,2025-10-16 12:06:00-04:00,atr_trail,1,13.87701357142857,13.634207142857143,13.88701357142857,13.624207142857143,-0.26280642857142666,-1.8924618113150715,2.0,0.6329864285714297,-0.7370135714285695,
2025-10-17 09:47:00-04:00,2025-10-17 09:48:00-04:00,eod,1,15.396964714285716,15.5,15.406964714285715,15.49,0.08303528571428487,0.5389464262048449,1.0,0.10303528571428444,-0.29496471428571525,
2025-10-17 13:17:00-04:00,2025-10-17 13:23:00-04:00,vwap_break,1,12.465944285714286,11.75,12.475944285714286,11.74,-0.7359442857142859,-5.898906478421728,6.0,-0.04594428571428644,-0.7159442857142864,
2025-10-17 09:44:00-04:00,2025-10-17 09:47:00-04:00,atr_trail,1,14.003036571428572,13.909099999999999,14.013036571428572,13.899099999999999,-0.11393657142857272,-0.8130755304020298,3.0,0.11696342857142739,-0.1530365714285722,
