ticker,equity,earnings,long_term_debt,Concervatively_Financed,Average Annual Compounding Rate,Average Annual Compounding Years,SD of EPS,Shares Outstanding Trend,Percent Rate of Return from Retained Earnings,Average Return on Equity,share_price_for_7_percent_gov_bond,Estimated Initial Return Rate,Percent Annual Growth Rate,Future Equity Per Share,Future Earnings Per Share,Future Stock Price Based On Pe
MMM,4807000000.0,37479000000.0,13088000000.0,No,-0.7137793587229787,3,9.771349382250131,Stagnant,8.022015773585466,nan,-180.42857142857142,-0.09678160919540231,nan,nan,nan,nan
AOS,1844400000.0,3258100000.0,117300000.0,Yes,0.4444640414110639,3,0.8325190676069752,Stagnant,0.25907130807402934,nan,52.99999999999999,0.047539722661149204,nan,nan,nan,nan
ABT,38603000000.0,37554000000.0,13599000000.0,Maybe,0.13400439506771622,3,0.6035394075656432,Stagnant,0.11422066206258134,nan,47.147371428571425,0.029044407988848452,nan,nan,nan,nan
ABBV,10360000000.0,-1000000000.0,52194000000.0,No,0.3108345281208265,3,1.9635240308479802,Stagnant,-0.047917202259024794,nan,39.339614285714276,0.014233591681526903,nan,nan,nan,nan
ACN,25692839000.0,19316224000.0,43093000.0,Yes,0.1099079642483874,3,1.1964400319280528,Stagnant,0.12192013593882757,0.7548822369425504,155.7142857142857,0.03199295453319931,0.4328453193477927,233.4735374617591,176.24502622602304,7297.654776444045
ADBE,16518000000.0,33346000000.0,3634000000.0,Yes,0.03265162531058796,3,0.7240511031688298,Stagnant,0.021607806691449807,nan,169.57142857142856,0.020791731463284932,nan,nan,nan,nan
AMD,55892000000.0,723000000.0,1717000000.0,Yes,-0.26931431576462006,3,0.8592838588033642,Stagnant,-0.25779967159277506,nan,7.571428571428571,0.0038211969117618425,nan,nan,nan,nan
AES,1650000000.0,-1386000000.0,22746000000.0,No,-3.607080977132956,3,0.48509663985643103,Stagnant,-0.08665511265164645,nan,5.285714285714286,0.02176470588235294,nan,nan,nan,nan
AFL,21985000000.0,47993000000.0,7240000000.0,Yes,0.0552932806399001,3,0.5212005372215188,Stagnant,0.05054151624548734,nan,111.57142857142856,0.07115524642853492,nan,nan,nan,nan
A,5845000000.0,782000000.0,2735000000.0,No,0.2560260766892839,3,0.7848885271170677,Stagnant,0.16538326916345814,nan,60.28571428571428,0.030480318476118092,nan,nan,nan,nan
APD,14312900000.0,17289700000.0,9431300000.0,Maybe,0.06725391747613989,3,0.7132452243092836,Stagnant,0.133138258961229,nan,147.85714285714283,0.0379357127492969,nan,nan,nan,nan
ABNB,8165000000.0,-3425000000.0,1991000000.0,Yes,-1.881059994104703,3,8.887359000287994,Stagnant,-3.8129032258064512,nan,107.42857142857142,0.06462146448837196,nan,nan,nan,nan
AKAM,4597155000.0,2467980000.0,3538229000.0,Maybe,0.026910166017456365,3,0.2699999999999999,Stagnant,0.011173184357541879,nan,51.28571428571428,0.03620411322525794,nan,nan,nan,nan
ALB,9412180000.0,6987015000.0,3541002000.0,Maybe,6.451403609976719,3,8.677769010523384,Stagnant,0.28472622478386167,nan,191.57142857142856,0.16506647405982314,nan,nan,nan,nan
ARE,NA,NA,NA,No,NA,NA,NA,NA,NA,NA,NA,NA,NA,NA,NA,NA
ALGN,3630489000.0,2447174000.0,96968000.0,Yes,-0.2780547399131867,3,7.1072054107082065,Stagnant,-0.39116202945990186,nan,83.14285714285714,0.02563989541017599,nan,nan,nan,nan
ALLE,1318300000.0,1578900000.0,1602400000.0,No,0.24193833688787733,3,1.0029051550371053,Stagnant,0.19054242002781643,nan,87.85714285714285,0.04513761467889908,nan,nan,nan,nan
LNT,6777000000.0,3756000000.0,8225000000.0,No,0.04037171997948463,3,0.11840080236214605,Stagnant,0.07840161861406161,nan,39.71428571428571,0.04709469858527266,nan,nan,nan,nan
ALL,15769000000.0,49716000000.0,7942000000.0,Maybe,-1.172774032536607,3,8.605017068547859,Stagnant,-4.941952506596302,nan,-17.142857142857142,-0.00639522491954453,nan,nan,nan,nan
GOOGL,283379000000.0,211247000000.0,11870000000.0,Yes,0.3345725050516579,3,1.152847952193393,Stagnant,0.15106246342007418,nan,83.42857142857142,0.03712650913349578,nan,nan,nan,nan
GOOG,283379000000.0,211247000000.0,11870000000.0,Yes,0.3345725050516579,3,1.152847952193393,Stagnant,0.15106246342007418,nan,83.42857142857142,0.03680131016543608,nan,nan,nan,nan
MO,-3540000000.0,31094000000.0,25112000000.0,No,0.45725089249878437,3,1.1897358240912927,Stagnant,-0.7771452320149024,nan,65.86071428571428,0.08495024803966947,nan,nan,nan,nan
AMZN,201875000000.0,113618000000.0,58314000000.0,Yes,-4.153629803131595,3,1.3923543909508098,Stagnant,0.10086313193588164,nan,42.14285714285714,0.016644097881805688,nan,nan,nan,nan
AMCR,3881000000.0,879000000.0,6603000000.0,No,-0.024742575715575848,3,0.0789319327015372,Stagnant,-0.18893129770992362,nan,7.2142857142857135,0.04566003443402234,nan,nan,nan,nan
AEE,11349000000.0,4136000000.0,15121000000.0,No,0.07549769601860119,3,0.32299380799018423,Stagnant,0.12536443148688045,nan,62.7142857142857,0.052299259856043126,nan,nan,nan,nan
AAL,-5202000000.0,-7689000000.0,29270000000.0,No,1.13452524483364,3,7.8798044867877275,Stagnant,-0.9766052762568442,nan,18.0,0.11688311977840077,nan,nan,nan,nan
AEP,25246700000.0,12800400000.0,37652700000.0,No,-0.009539445042708613,3,0.26177280225416844,Stagnant,-0.031034482758620793,nan,60.85714285714285,0.04116737400274313,nan,nan,nan,nan
AXP,28057000000.0,19612000000.0,47866000000.0,No,0.5947156399626438,3,2.90880129950466,Stagnant,0.27476979742173113,nan,160.42857142857142,0.04468940387615394,nan,nan,nan,nan
AIG,44866000000.0,37516000000.0,22137000000.0,Maybe,-1.097623398421052,3,7.974426311654024,Stagnant,0.6574585635359116,nan,71.71428571428571,0.06810473561730765,nan,nan,nan,nan
AMT,4198200000.0,-3638800000.0,35734000000.0,No,-0.0010545843204391447,3,0.9392117705821197,Stagnant,0.11371841155234656,nan,45.42857142857142,0.01358974358974359,nan,nan,nan,nan
AWK,9797000000.0,1659000000.0,11715000000.0,No,0.1715047192503049,3,1.1467562949467511,Stagnant,0.09497313891020723,nan,70.0,0.03381409065053552,nan,nan,nan,nan
AMP,4729000000.0,21905000000.0,4984000000.0,No,0.3923241063542732,3,6.6808583842198,Stagnant,0.15659450126178776,nan,345.4285714285714,0.05509729938269459,nan,nan,nan,nan
AME,8730191000.0,9940343000.0,1895432000.0,Yes,0.1449083080662028,3,0.7234422921007592,Stagnant,0.12313674659753729,nan,81.42857142857142,0.03445566253013849,nan,nan,nan,nan
AMGN,6232000000.0,-26549000000.0,63170000000.0,No,0.01433978799254639,3,0.8935882720806044,Stagnant,0.009009009009009016,nan,179.42857142857142,0.03868185872438972,nan,nan,nan,nan
APH,8346500000.0,5921100000.0,3983500000.0,Maybe,0.17620632947401563,3,0.24526771087935728,Stagnant,0.1460470730235365,nan,23.07142857142857,0.026098900648406052,nan,nan,nan,nan
ADI,35565122000.0,10356798000.0,5902457000.0,Yes,0.2721558117190302,3,1.3534862393094358,Stagnant,0.47134670487106006,nan,94.28571428571428,0.030196274780783627,nan,nan,nan,nan
ANSS,5390364000.0,5283342000.0,753891000.0,Yes,0.0479102341822375,3,0.393152324169653,Stagnant,0.03219954648526077,nan,82.28571428571428,0.01852507038780969,nan,nan,nan,nan
AON,-826000000.0,-3399000000.0,9995000000.0,No,0.29217018933694433,3,2.8794129175927514,Stagnant,0.13455557374365687,nan,179.99999999999997,0.03606285088793492,nan,nan,nan,nan
APA,2655000000.0,-2959000000.0,5186000000.0,No,0.6286105852796914,3,9.417259089034346,Stagnant,2.7781964330570195,nan,132.28571428571428,0.356840066580063,nan,nan,nan,nan
AAPL,62146000000.0,-214000000.0,95281000000.0,No,0.2664243458240462,3,1.1786724523802192,Stagnant,0.16049556525411798,nan,88.0,0.027506140138165117,nan,nan,nan,nan
AMAT,16349000000.0,43726000000.0,5461000000.0,Yes,0.295025994177791,3,1.5998339757612352,Stagnant,0.19118982742960947,nan,116.57142857142857,0.04545961002785515,nan,nan,nan,nan
APTV,11548000000.0,8162000000.0,6195000000.0,Maybe,1.2174832112332112,3,3.58584979467908,Stagnant,0.18077474892395984,nan,149.99999999999997,0.14893617021276595,nan,nan,nan,nan
ACGL,17523000000.0,20295000000.0,2726000000.0,Yes,0.7905857323316269,3,3.4247335662792806,Stagnant,0.3485342019543974,nan,170.57142857142856,0.10660714285714286,nan,nan,nan,nan
ADM,24132000000.0,23465000000.0,8259000000.0,Yes,0.32322687384108,3,1.7718463417909578,Stagnant,0.20231378884509327,nan,92.0,0.10727969566811027,nan,nan,nan,nan
ANET,7219059000.0,5114025000.0,nan,No,0.484225382097417,3,1.8010980808592851,Stagnant,0.29163408913213446,nan,96.42857142857142,0.020894599148927488,nan,nan,nan,nan
AJG,10775300000.0,4052900000.0,7006000000.0,Maybe,0.026337935262988294,3,0.3876696969009186,Stagnant,0.021018881804575142,nan,64.42857142857142,0.015287616862841484,nan,nan,nan,nan
AIZ,4809500000.0,4028200000.0,2080400000.0,Maybe,0.43938885077887696,3,2.7070005213182333,Stagnant,0.21048418733732135,nan,171.7142857142857,0.061774076918944834,nan,nan,nan,nan
T,103297000000.0,-5015000000.0,127854000000.0,No,-2.948212801152963,3,1.6843618969805745,Stagnant,-0.7222517259691981,nan,28.14285714285714,0.09539951750082458,nan,nan,nan,nan
ATO,10870064000.0,3666674000.0,6554133000.0,Maybe,0.07669397278222496,3,0.4661008474568567,Stagnant,0.10990009082652136,nan,87.14285714285712,0.046303322799819725,nan,nan,nan,nan
ADSK,1145000000.0,-1995000000.0,2281000000.0,No,0.06849907276403851,3,1.1639265440739806,Distributing More,-0.08154235145385583,2.7312106297389454,60.42857142857143,0.016739216664361043,2.7312106297389454,3851.3754410934707,10518.917543830006,230080.98397419736
ADP,4547600000.0,23622200000.0,2991300000.0,Maybe,0.13018192882823598,3,0.9738326344911634,Stagnant,0.2492581602373887,nan,nan,nan,nan,nan,nan,nan
AZO,-4349894000.0,-2959278000.0,7668549000.0,No,0.2314176483313528,3,23.82177404707718,Buy Back,0.1469263968272483,0.7355844200722271,1951.428571428571,0.04345848087756812,0.7355844200722271,-3617.588327244675,-2661.0416117563323,-83242.40180958461
AVB,11783241000.0,478156000.0,7981822000.0,No,0.052779425598459606,3,0.8254506345021492,Stagnant,0.32057416267942584,nan,93.7142857142857,0.029488446471358835,nan,nan,nan,nan
AVY,2127900000.0,4691800000.0,2622100000.0,No,0.0176268513906368,3,1.3400484544958393,Stagnant,-0.02076130933706969,nan,89.26842857142856,0.028639213209038204,nan,nan,nan,nan
AXON,1612034000.0,431249000.0,677113000.0,Maybe,8.731291253030385,3,1.379202668210876,Stagnant,0.6839080459770115,nan,33.57142857142857,0.006593344681741538,nan,nan,nan,nan
BKR,15368000000.0,-8819000000.0,5873000000.0,No,-1.2954484093566816,3,6.602219323833464,Stagnant,-1.0018039687312086,nan,27.57142857142857,0.05648229743699665,nan,nan,nan,nan
BALL,3769000000.0,7763000000.0,7504000000.0,No,0.1126162981352928,3,0.31843366656181316,Stagnant,0.07540983606557376,nan,32.14285714285714,0.034992222289458974,nan,nan,nan,nan
BAC,263249000000.0,224672000000.0,302204000000.0,No,0.25743079030511923,3,0.6437148048631475,Stagnant,0.14336075205640425,nan,44.285714285714285,0.0779482012652287,nan,nan,nan,nan
BK,36531000000.0,39653000000.0,31736000000.0,Maybe,0.053928699823646155,3,0.48899769938109106,Stagnant,0.01810436634717784,nan,57.28571428571428,0.058840791052326896,nan,nan,nan,nan
BBWI,-1627000000.0,-1838000000.0,4388000000.0,No,0.15109123280804168,3,0.69671797387519,Stagnant,0.06840066596797241,nan,55.14285714285714,0.13174061776485033,nan,nan,nan,nan
BAX,8402000000.0,16114000000.0,11130000000.0,No,-1.5979839231449944,3,3.7256970824263207,Stagnant,3.850000000000003,nan,74.99999999999999,0.13523956829654407,nan,nan,nan,nan
BDX,25797000000.0,15535000000.0,14738000000.0,Maybe,0.40380378367696684,3,1.5438162941231057,Stagnant,0.31754114446405635,nan,70.99999999999999,0.021282062373053055,nan,nan,nan,nan
BRK.B,NA,NA,NA,No,NA,NA,NA,NA,NA,NA,NA,NA,NA,NA,NA,NA
BBY,3053000000.0,2683000000.0,1152000000.0,Maybe,-0.009173220608233223,3,1.6294937864257106,Stagnant,-0.07235294117647056,nan,81.42857142857142,0.057401810924708724,nan,nan,nan,nan
BIO,8741133000.0,9260629000.0,1199100000.0,Yes,-0.8544519935924964,3,109.44096684971309,Stagnant,-1.1824932848791279,nan,-311.71428571428567,-0.06541943827125986,nan,nan,nan,nan
TECH,2068850000.0,1325247000.0,319000000.0,Yes,0.18747700631678532,3,0.35478591696261,Stagnant,0.06641671130155331,nan,nan,nan,nan,nan,nan,nan
BIIB,14799400000.0,17627600000.0,6788200000.0,Maybe,-0.06325061575948514,3,7.02985775105016,Stagnant,-0.26197884256378345,nan,114.57142857142856,0.03959907198113223,nan,nan,nan,nan
BLK,39347000000.0,32343000000.0,7918000000.0,Yes,0.0563753344043482,3,2.505263520250913,Stagnant,0.06809103221562544,nan,526.4285714285714,0.04196369529379989,nan,nan,nan,nan
BX,6816798000.0,660734000.0,12293882000.0,No,1.1654179911807032,3,2.7193013808697266,Stagnant,3.3999999999999826,nan,26.285714285714285,0.013274655449807325,nan,nan,nan,nan
BA,-17233000000.0,27251000000.0,46927000000.0,No,-0.35151973809015774,3,6.508759482420594,Stagnant,-0.4092260135536797,nan,-52.42857142857142,-0.022584615384615384,nan,nan,nan,nan
BKNG,-2744000000.0,31830000000.0,12223000000.0,No,6.942720909419225,3,44.98240621342971,Stagnant,0.5204919852582035,nan,1695.2857142857142,0.03141795204174993,nan,nan,nan,nan
BWA,5828000000.0,6152000000.0,3707000000.0,Maybe,0.18171963805580774,3,0.7641152425699199,Stagnant,0.07153345967709474,nan,38.856399999999994,0.08300115843775054,nan,nan,nan,nan
BSX,19281000000.0,819000000.0,8566000000.0,No,-1.8992753623188403,3,0.435,Stagnant,0.5714285714285716,nan,15.428571428571429,0.013267813019102261,nan,nan,nan,nan
BMY,29430000000.0,28766000000.0,36653000000.0,No,-0.5311632167165975,3,3.202330196906426,Stagnant,-3.7628316383856633,nan,55.42857142857142,0.07792729320456783,nan,nan,nan,nan
AVGO,23988000000.0,2682000000.0,37617000000.0,No,0.7863289939210826,3,1.0529728208565023,Stagnant,1.4110871855248484,nan,48.47142857142856,0.02368586387434555,nan,nan,nan,nan
BR,2168300000.0,3435100000.0,3355100000.0,No,0.08108687660058707,3,0.5266402946983831,Stagnant,0.1108033240997229,nan,84.71428571428571,0.02819647220217319,nan,nan,nan,nan
BRO,5578800000.0,5288500000.0,3226900000.0,Maybe,0.2192253824606766,3,0.5018652707649733,Stagnant,0.18023944217866067,nan,43.857142857142854,0.029341489826902503,nan,nan,nan,nan
BF.B,NA,NA,NA,No,NA,NA,NA,NA,NA,NA,NA,NA,NA,NA,NA,NA
BLDR,4732351000.0,460184000.0,3177411000.0,No,0.9582169746046869,3,5.207758634959958,Stagnant,0.2326216484607746,nan,172.28571428571428,0.07154297606931004,nan,nan,nan,nan
BG,10850000000.0,12077000000.0,4080000000.0,Maybe,0.3171115772227116,3,2.873895635164663,Stagnant,0.17898429076209169,nan,215.28571428571428,0.15297938963760802,nan,nan,nan,nan
BXP,5876697000.0,-816152000.0,15856297000.0,No,-0.16620241890543228,3,1.7840302110109256,Stagnant,13.251144849020662,nan,17.32971428571428,0.016202483711747685,nan,nan,nan,nan
CHRW,1418697000.0,5620790000.0,1420487000.0,No,0.08125767789633338,3,1.9167208325679563,Stagnant,-0.09124087591240876,nan,39.14285714285714,0.026897024895701525,nan,nan,nan,nan
CDNS,3404271000.0,4936384000.0,299771000.0,Yes,0.21381207585118597,3,0.6421983727790034,Stagnant,0.14542343883661246,nan,55.14285714285714,0.015326582912265086,nan,nan,nan,nan
CZR,4552000000.0,-2523000000.0,12224000000.0,No,-0.8819497055275823,3,6.071208178772986,Stagnant,-0.9088500264970852,nan,52.14285714285714,0.09801288494867419,nan,nan,nan,nan
CPT,4980757000.0,-613651000.0,3715400000.0,No,0.6833783233359858,3,1.7347532245250332,Stagnant,-6.02439024390245,nan,52.99999999999999,0.029835143108362005,nan,nan,nan,nan
CPB,3661000000.0,4451000000.0,4483000000.0,No,-0.16138845418360934,3,1.1161989070053777,Stagnant,-0.3058252427184465,1.215113741150382,41.0,0.05605468666472008,0.5885045645292791,114.64088816698347,139.30171850938586,2045.1615197259964
COF,58089000000.0,60945000000.0,49318000000.0,Maybe,1.1804186601803364,3,8.031181030832265,Stagnant,0.1262316415690649,nan,171.14285714285714,0.08430682255757911,nan,nan,nan,nan
CAH,-3213000000.0,-286000000.0,4658000000.0,No,-0.7497124368263758,3,2.570898432455082,Stagnant,-0.4001151410477835,nan,49.71428571428571,0.03109086027438419,nan,nan,nan,nan
KMX,6073740000.0,4126909000.0,17959656000.0,No,-0.009446361903581058,3,1.6554663240307852,Stagnant,-0.08732394366197184,nan,43.28571428571428,0.03761638591190441,nan,nan,nan,nan
CCL,6883000000.0,185000000.0,28483000000.0,No,-0.5791779746999935,3,4.790803690405191,Stagnant,-0.4799123447772096,nan,-0.857142857142857,-0.003701419086289351,nan,nan,nan,nan
CARR,8677000000.0,6591000000.0,14242000000.0,No,0.13498927476292885,3,1.003577974050846,Stagnant,-0.086734693877551,nan,23.0,0.023128860593065133,nan,nan,nan,nan
CTLT,4611000000.0,262000000.0,4313000000.0,No,0.02237011201269956,3,1.793591020829442,Buy Back,-0.4582593250444049,-0.0032145943986388176,-20.28571428571428,-0.023521617113198567,-0.0032145943986388176,25.169395749704716,-0.08090939859412444,-1070.0537989618724
CAT,19494000000.0,51250000000.0,24533000000.0,No,0.607522949314557,3,5.222571205833387,Stagnant,0.4549104385423101,nan,289.1428571428571,0.060562535190638055,nan,nan,nan,nan
CBOE,3985000000.0,2525200000.0,1439200000.0,Maybe,0.6175540259756672,3,1.7690163227059268,Stagnant,0.2582959641255605,nan,102.28571428571428,0.03409036824079521,nan,nan,nan,nan
CBRE,8267000000.0,9188000000.0,2804000000.0,Yes,0.325331321171072,3,1.2173742234826561,Stagnant,0.06282722513089005,nan,45.714285714285715,0.028055410034145654,nan,nan,nan,nan
CDW,2042500000.0,-1525500000.0,5031800000.0,No,0.14678216540805,3,1.1011442911807696,Stagnant,0.12482468443197751,nan,117.14285714285712,0.03808816134385645,nan,nan,nan,nan
CE,7091000000.0,12929000000.0,12301000000.0,No,0.02248982196081502,3,0.4557617250274539,Stagnant,0.019798600443761735,nan,257.2857142857143,0.14875691786071701,nan,nan,nan,nan
COR,522003000.0,4324187000.0,4146113000.0,No,-0.4340027816931462,3,10.717506706319337,Stagnant,87.13793103448194,nan,123.14285714285712,0.03646979174877561,nan,nan,nan,nan
CNC,25840000000.0,12043000000.0,17710000000.0,Maybe,0.3371529866631975,3,1.1336996956866487,Stagnant,0.14354066985645933,nan,70.99999999999999,0.06813819349666833,nan,nan,nan,nan
CNP,9667000000.0,1092000000.0,17559000000.0,No,-0.9252493660604619,3,1.5849507090127442,Stagnant,4.7164179104477615,nan,19.57142857142857,0.04931605349666499,nan,nan,nan,nan
CF,5717000000.0,4535000000.0,2968000000.0,Maybe,1.40574313662908,3,5.633069212250103,Stagnant,0.2606750711671411,nan,112.7142857142857,0.10065059397158116,nan,nan,nan,nan
CRL,3596882000.0,1887218000.0,2647147000.0,Maybe,0.08581837547354794,3,0.9477341399358791,Stagnant,0.05653710247349823,nan,132.42857142857142,0.04850863267360965,nan,nan,nan,nan
SCHW,31767000000.0,33901000000.0,26043000000.0,Maybe,0.09906725707782045,3,0.5062114182829147,Stagnant,0.054123711340206174,nan,36.42857142857142,0.03998745462906062,nan,nan,nan,nan
CHTR,11086000000.0,-12260000000.0,95777000000.0,No,0.2698860943376103,3,6.1628823410803495,Stagnant,0.14257983111715034,nan,436.2857142857142,0.09215171437956109,nan,nan,nan,nan
CVX,160957000000.0,200025000000.0,19733000000.0,Yes,-0.9597193157309842,3,7.695963227562875,Stagnant,1.125293657008614,nan,163.0,0.08088182751544483,nan,nan,nan,nan
CMG,3062207000.0,6056985000.0,3803551000.0,No,0.5313171846402573,3,0.23434805311757978,Stagnant,0.282308101400461,nan,12.739999999999998,0.01676630988954734,nan,nan,nan,nan
CB,59507000000.0,54810000000.0,13035000000.0,Yes,0.6361340986893459,3,5.658583870859651,Stagnant,0.2845052493847311,nan,313.85714285714283,0.07657720623001106,nan,nan,nan,nan
CHD,3855400000.0,6012300000.0,2202200000.0,Maybe,0.12783290682206416,3,0.6650704849863659,Stagnant,-0.012441249654409774,nan,44.14285714285714,0.029266906103529975,nan,nan,nan,nan
CI,46223000000.0,41652000000.0,28155000000.0,Maybe,-0.04962435550436817,3,2.892290243246291,Stagnant,-0.08683639222019739,nan,250.99999999999997,0.049152353885757914,nan,nan,nan,nan
CINF,12098000000.0,13084000000.0,790000000.0,Yes,-1.5271297629656864,3,7.759030222908015,Stagnant,0.17575503355704702,nan,167.7142857142857,0.08611457377187344,nan,nan,nan,nan
CTAS,4316372000.0,10617955000.0,2025934000.0,Maybe,0.13569494058976814,3,1.7954995822890076,Stagnant,0.14273179292190702,nan,219.99999999999997,0.019309376864205308,nan,nan,nan,nan
CSCO,45457000000.0,1087000000.0,19621000000.0,No,0.05433302459207771,3,0.21311675203981514,Stagnant,0.08414872798434446,nan,nan,nan,nan,nan,nan,nan
C,187853000000.0,198905000000.0,286619000000.0,No,0.07017142038471225,3,2.516004342594722,Stagnant,-0.07225760271655364,nan,58.1021,0.06700406835057583,nan,nan,nan,nan
CFG,22328000000.0,9816000000.0,13467000000.0,Maybe,0.2969453503434085,3,1.1029392549002868,Stagnant,0.1116504854368932,nan,44.857142857142854,0.07548077199938746,nan,nan,nan,nan
CLX,328000000.0,250000000.0,2481000000.0,No,-0.4186920089976012,3,2.3179840379088033,Stagnant,26.041666666666643,nan,nan,nan,nan,nan,nan,nan
CME,26737900000.0,4455200000.0,3425400000.0,Yes,0.1511987103088143,3,1.0578870450100046,Stagnant,-2.0763888888888866,nan,126.7142857142857,0.040493037555010526,nan,nan,nan,nan
CMS,7320000000.0,1658000000.0,14508000000.0,No,0.13900344936333955,3,0.8041150624511084,Stagnant,0.055154832260161026,nan,42.556285714285714,0.04349452610475007,nan,nan,nan,nan
KO,25941000000.0,73782000000.0,35547000000.0,No,0.11875987008730367,3,0.2455096739438183,Stagnant,0.3736263736263736,nan,35.42857142857142,0.03493449886784253,nan,nan,nan,nan
CTSH,13227000000.0,13301000000.0,606000000.0,Yes,0.204934016458145,3,0.7258228089554639,Stagnant,0.14566577301161754,1.0022351878906663,60.14285714285714,0.054675324675324675,0.7260848748376562,406.951586285011,407.86119954276273,7443.057516376686
CL,609000000.0,25289000000.0,8219000000.0,No,-0.016702006017587052,3,0.36922215534824016,Stagnant,-0.11178247734138977,nan,39.71428571428571,0.025605600145659102,nan,nan,nan,nan
CMCSA,82703000000.0,52892000000.0,95021000000.0,No,0.6016552920072858,3,0.9651993734383003,Stagnant,0.24183992715786573,nan,55.25048571428571,0.09717422296829267,nan,nan,nan,nan
CAG,8440400000.0,6276300000.0,7492600000.0,Maybe,-0.34121787380214347,3,0.7024243731534378,Stagnant,-1.0730088495575218,nan,10.428571428571427,0.02246153846153846,nan,nan,nan,nan
COP,49279000000.0,59268000000.0,17025000000.0,Yes,-0.8015236582678217,3,6.19534906199804,Stagnant,0.7862957937584804,nan,129.7142857142857,0.0842847834128059,nan,nan,nan,nan
ED,21158000000.0,13377000000.0,21927000000.0,No,0.31161093731372635,3,1.5146781836416605,Stagnant,0.6073619631901841,nan,103.57142857142856,0.06961113676218757,nan,nan,nan,nan
STZ,9743100000.0,13417200000.0,10681100000.0,No,-29.385812144432833,3,5.060515660483623,Stagnant,-0.146551724137931,nan,134.57142857142856,0.03815928046953505,nan,nan,nan,nan
CEG,10925000000.0,761000000.0,7496000000.0,No,-4.276627684930221,3,2.288626560562579,Stagnant,0.8007343044357147,nan,71.71428571428571,0.028553552526652756,nan,nan,nan,nan
COO,7550800000.0,6876100000.0,2520400000.0,Yes,3.3972966275362175,3,5.800149191198642,Stagnant,0.01388538818055947,nan,21.214285714285715,0.013931889023549127,nan,nan,nan,nan
CPRT,5987440000.0,5189440000.0,10903000.0,Yes,0.2040169814082858,3,0.20376150274278998,Stagnant,0.13126491646778043,0.828290340930055,18.57142857142857,0.026156941248366955,0.828290340930055,127.76117736740976,105.82334915927706,4884.408163564852
GLW,11551000000.0,16391000000.0,7206000000.0,Maybe,0.3499050332383666,3,0.4210923295430588,Stagnant,3.000000000000002,nan,9.857142857142856,0.01655470237399006,nan,nan,nan,nan
CPAY,3282359000.0,8192659000.0,4596156000.0,No,0.17259391792365494,3,1.989502136213982,Stagnant,0.11287793952967523,nan,191.7142857142857,0.04384188086380397,nan,nan,nan,nan
CTVA,25037000000.0,-41000000.0,2291000000.0,Yes,0.31524454773842947,3,0.5828110757355252,Stagnant,0.03542234332425068,nan,14.857142857142856,0.01893663573696314,nan,nan,nan,nan
CSGP,7338600000.0,2204300000.0,990500000.0,Yes,0.161842906287711,3,0.13693680111642748,Stagnant,0.10103221770409761,nan,13.142857142857142,0.011829754914641916,nan,nan,nan,nan
COST,25058000000.0,19521000000.0,5377000000.0,Yes,0.16359831863468335,3,1.9552045928751287,Stagnant,0.5440084835630964,0.7256581352467326,202.57142857142856,0.01591005974084815,-0.2446153657601822,13.918306303675175,10.099932198117772,874.81169338043
CTRA,13039000000.0,5366000000.0,1586000000.0,Yes,1.411158566100054,3,1.649050863375657,Stagnant,0.3381443298969073,nan,30.57142857142857,0.09102509481778005,nan,nan,nan,nan
CRWD,2303950000.0,-1058836000.0,742494000.0,Yes,-0.10200510063610284,3,0.5299056519796709,Stagnant,-0.425531914893617,nan,5.285714285714286,0.0014464425159726652,nan,nan,nan,nan
CCI,6381000000.0,-11889000000.0,22086000000.0,No,0.164650027076664,3,0.6277887781730414,Stagnant,-0.10582010582010583,nan,49.42857142857142,0.03036952506567152,nan,nan,nan,nan
CSX,12128000000.0,9790000000.0,17975000000.0,No,0.17109464209031114,3,0.3020888412589705,Stagnant,0.12271229278829789,nan,26.428571428571427,0.054443791198422305,nan,nan,nan,nan
CMI,8850000000.0,17851000000.0,4802000000.0,Maybe,-0.1353784742007882,3,3.9990186296140204,Stagnant,-0.28935525928418215,nan,74.14285714285714,0.01746181272688349,nan,nan,nan,nan
CVS,76461000000.0,61604000000.0,58638000000.0,Maybe,0.20528940706064489,3,1.2224667684644848,Distributing More,0.07990506329113922,0.7603882405240926,92.71428571428571,0.11162710815500138,0.4768536423625666,303.8400404271813,231.03639374119354,2721.9198405218917
DHR,53486000000.0,41074000000.0,16707000000.0,Yes,0.17972540679271376,3,1.899164289891741,Stagnant,0.055011313619274436,nan,92.0,0.024254294465447565,nan,nan,nan,nan
DRI,2242500000.0,-35500000.0,1422200000.0,No,0.22940594874123477,3,1.4402603931234104,Stagnant,0.3172179813401188,nan,122.42857142857142,0.053906153165882084,nan,nan,nan,nan
DVA,1056097000.0,598288000.0,8268334000.0,No,0.11723239059537698,3,1.2658865470491423,Stagnant,0.03944236654199252,nan,108.85714285714285,0.05108608080529086,nan,nan,nan,nan
DAY,2398200000.0,-317800000.0,1210100000.0,No,4.6325,3,0.35174564673923114,Stagnant,-0.5757575757575757,nan,4.999999999999999,0.0064551824441191185,nan,nan,nan,nan
DECK,2107468000.0,1912797000.0,nan,No,0.2990132657631135,3,5.9322819176097825,Stagnant,0.1991638160395287,nan,419.4285714285714,0.03334317661053235,nan,nan,nan,nan
DE,21785000000.0,50931000000.0,38477000000.0,No,0.6306550269675298,3,9.329987607172905,Stagnant,0.3752883506343714,nan,497.14285714285705,0.09042719138123444,nan,nan,nan,nan
DAL,11105000000.0,5650000000.0,17071000000.0,No,1.721687187383085,3,10.15454916527563,Stagnant,-2.5739901667791387,nan,102.99999999999999,0.17109634799309262,nan,nan,nan,nan
DVN,12061000000.0,6195000000.0,5672000000.0,Maybe,-0.2568605522830069,3,6.1211958889178835,Stagnant,9.259728243383892,nan,83.71428571428571,0.13919240409479228,nan,nan,nan,nan
DXCM,2068600000.0,1021400000.0,2434200000.0,No,0.36561214438843487,3,0.3965214961070837,Distributing More,0.023197492163009356,0.16903758024097545,19.999999999999996,0.020219526909208106,0.16903758024097545,11.092031972981731,1.8749702446683647,548.5801929386561
FANG,16625000000.0,2489000000.0,6641000000.0,No,-0.24488834666025752,3,20.682040971577248,Stagnant,8.335753176043555,nan,247.7142857142857,0.09442387310842822,nan,nan,nan,nan
DLR,18385844000.0,nan,15613620000.0,No,1.8885598743608873,3,1.9879952213222245,Stagnant,-0.26363636363636367,nan,43.42857142857142,0.020268017125571417,nan,nan,nan,nan
DFS,13772000000.0,30448000000.0,20581000000.0,No,1.1846536380875377,3,5.4242833628047125,Stagnant,0.19368686868686863,nan,160.99999999999997,0.08508871468229634,nan,nan,nan,nan
DG,6749119000.0,2799415000.0,6231539000.0,No,-0.09654682988509374,3,1.3077652694577875,Stagnant,-0.09949141767323583,nan,108.14285714285714,0.0934106603464954,nan,nan,nan,nan
DLTR,7313100000.0,7124600000.0,3426300000.0,Maybe,-0.45339736694476723,3,4.715967557140316,Stagnant,-0.7204225352112676,nan,-64.99999999999999,-0.06664713964742965,nan,nan,nan,nan
D,25746000000.0,3524000000.0,33056000000.0,No,-2.9806834615758677,3,1.6574306421901,Stagnant,-0.6525334159206768,nan,32.71428571428571,0.039833013274336575,nan,nan,nan,nan
DPZ,-4070367000.0,-4069648000.0,4934062000.0,No,0.06477652130593914,3,0.9440602357717968,Stagnant,0.061386897267454416,nan,211.42857142857142,0.03611694090509069,nan,nan,nan,nan
DOV,5106605000.0,10995624000.0,2991759000.0,Maybe,0.20539786226924142,3,1.2504099327820455,Stagnant,0.14402451481103165,nan,107.99999999999999,0.04310148382594401,nan,nan,nan,nan
DOW,18607000000.0,21774000000.0,14034000000.0,Maybe,1.0083011549114833,3,3.178281768503227,Stagnant,-0.1362126245847176,nan,11.714285714285712,0.016,nan,nan,nan,nan
DHI,22696200000.0,23589800000.0,5094500000.0,Yes,0.3527166347734056,3,3.735032630379552,Stagnant,0.16494845360824742,nan,198.99999999999997,0.07555049154518448,nan,nan,nan,nan
DTE,11050000000.0,4404000000.0,17407000000.0,No,0.021980007531952617,3,0.9673514097782666,Stagnant,-0.03362614701939937,nan,96.7142857142857,0.054579167607475644,nan,nan,nan,nan
DUK,47150000000.0,2235000000.0,72452000000.0,No,0.5364150517149294,3,1.1420677519306814,Stagnant,-0.8161434977578482,nan,50.57142857142857,0.030243484901360182,nan,nan,nan,nan
DD,24279000000.0,-22874000000.0,7731000000.0,Yes,0.6330417746191546,3,5.660085577974948,Stagnant,0.8886894075403946,nan,13.428571428571427,0.01159634873317787,nan,nan,nan,nan
EMN,5458000000.0,9490000000.0,4305000000.0,Maybe,0.3281151020772532,3,1.4802871343087463,Stagnant,0.3316790736145575,nan,107.71428571428571,0.07719873186602948,nan,nan,nan,nan
ETN,19036000000.0,10305000000.0,8244000000.0,Maybe,0.32864152969330723,3,1.632743090629999,Stagnant,0.4058876003568243,nan,115.14285714285714,0.027925993127147768,nan,nan,nan,nan
EBAY,6396000000.0,36531000000.0,6973000000.0,No,-0.9310132727119246,3,8.349080787727473,Stagnant,-0.09663865546218489,nan,74.57142857142856,0.08822038468035066,nan,nan,nan,nan
ECL,8044700000.0,10075400000.0,7551400000.0,Maybe,-0.5707900992083165,3,3.6573145886018614,Stagnant,26.52941176470589,nan,68.85714285714286,0.019560100786525505,nan,nan,nan,nan
EIX,13828000000.0,7499000000.0,30316000000.0,No,0.2509964029529247,3,0.5658787414278788,Stagnant,-0.47738693467336707,nan,44.57142857142857,0.03551104004468224,nan,nan,nan,nan
EW,6650000000.0,8992400000.0,597000000.0,Yes,0.26184295132276103,3,0.46789421881446663,Distributing More,0.11647058823529412,1.1742766155978137,33.0,0.03487845210501816,1.1742766155978137,496.7619458472843,583.3359365273334,14242.660320806279
EA,7513000000.0,7582000000.0,1882000000.0,Yes,0.20864136277185144,3,0.8025700903970943,Stagnant,0.17172675521821634,nan,67.28571428571428,0.032280171899023234,nan,nan,nan,nan
ELV,39306000000.0,31749000000.0,23246000000.0,Maybe,0.12417780155020271,3,2.94373919753622,Stagnant,0.09343613490591204,nan,366.9634571428571,0.04686206486528618,nan,nan,nan,nan
EMR,20689000000.0,40070000000.0,7610000000.0,Maybe,1.2665442576445836,3,8.177493757478338,Stagnant,0.7187130087801702,nan,328.57142857142856,0.23009203892212438,nan,nan,nan,nan
ENPH,983624000.0,46273000.0,1293738000.0,No,0.6037257968150535,3,1.0049129315517837,Stagnant,0.25841346153846156,nan,46.0,0.028488012339869112,nan,nan,nan,nan
ETR,14622647000.0,11940384000.0,23008839000.0,No,0.27834532552858565,3,2.3169201000466115,Stagnant,0.3228285933897002,nan,159.14285714285714,0.09075356415478615,nan,nan,nan,nan
EOG,28090000000.0,22634000000.0,3582000000.0,Yes,-2.6938837182667132,3,5.812793540974941,Stagnant,1.1072745821235186,nan,186.7142857142857,0.10713114754098362,nan,nan,nan,nan
EPAM,3470891000.0,2501107000.0,26126000.0,Yes,0.0985252160196511,3,0.9383762571591416,Stagnant,0.04633471645919778,nan,102.99999999999999,0.03508686460295925,nan,nan,nan,nan
EQT,14773200000.0,2681898000.0,5502681000.0,No,-0.8070153198479555,3,4.161048545739403,Stagnant,9.483944954128436,nan,65.14285714285712,0.13898201186032463,nan,nan,nan,nan
EFX,4534100000.0,5608600000.0,4747800000.0,No,0.046382222351495105,3,0.7862251585900824,Stagnant,0.011204481792717094,nan,63.42857142857143,0.014946979237361532,nan,nan,nan,nan
EQIX,12488894000.0,-4760631000.0,12725609000.0,No,0.3488064657759577,3,2.3164992445498442,Stagnant,-0.2894239848914069,nan,147.85714285714283,0.012598443916722412,nan,nan,nan,nan
EQR,11048548000.0,1437185000.0,6981319000.0,No,0.033224691643865954,3,0.5898039928654264,Stagnant,-0.8503401360544204,nan,31.428571428571427,0.029286473902586492,nan,nan,nan,nan
ESS,5422746000.0,-1267536000.0,6205735000.0,No,-0.0976423210450947,3,0.9944188001038595,Stagnant,0.40020263424518726,nan,90.28571428571428,0.020988310648518815,nan,nan,nan,nan
EL,5314000000.0,13427000000.0,7267000000.0,No,-0.4498210436483891,3,2.7677280845487693,Stagnant,-0.7429193899782136,nan,15.571428571428571,0.012150262079187351,nan,nan,nan,nan
ETSY,-543715000.0,-1357390000.0,2283817000.0,No,-1.1743927029595629,3,3.744605286275177,Stagnant,-0.09762532981530347,nan,35.857142857142854,0.0448294324835736,nan,nan,nan,nan
EG,13202000000.0,14270000000.0,1059000000.0,Yes,1.3688104476005296,3,19.01284615069506,Stagnant,0.48769943386515696,nan,859.8571428571428,0.1549451715079915,nan,nan,nan,nan
EVRG,9663100000.0,2457800000.0,11053300000.0,No,0.07860142336751212,3,0.3982069185737484,Distributing More,0.1159274193548387,0.22925065678538364,45.42857142857142,0.05255329843346499,0.05031979825037665,53.76601535207171,12.32589433219546,1023.0759429903735
ES,14173892000.0,4142515000.0,23955898000.0,No,-0.39184805508503,3,2.1701656042800055,Stagnant,104.9999999999994,nan,-18.142857142857142,-0.018618971075299473,nan,nan,nan,nan
EXC,25755000000.0,5490000000.0,40082000000.0,No,0.06406566889685557,3,0.22258676839086255,Stagnant,0.1001319617884297,nan,33.42857142857142,0.06085825626967061,nan,nan,nan,nan
EXPE,1534000000.0,-632000000.0,6253000000.0,No,-0.5647834864940129,3,9.445457903140536,Stagnant,-1.8283582089552242,nan,78.57142857142857,0.04069251147513741,nan,nan,nan,nan
EXPD,2390350000.0,2580968000.0,427984000.0,Yes,0.20773421830422478,3,1.9049196177266903,Stagnant,0.043395326657129245,nan,72.14285714285714,0.041184145220064965,nan,nan,nan,nan
EXR,14390921000.0,-379015000.0,10334748000.0,No,0.14816652539156086,3,1.1044116080519981,Stagnant,2.145833333333334,nan,67.71428571428571,0.027326183653497246,nan,nan,nan,nan
XOM,204802000000.0,453927000000.0,33645000000.0,Yes,-0.2987059812269895,3,6.842208616375271,Distributing More,1.7478368355995058,2.30112886209192,127.0,0.07826393420733417,1.3485805817209116,1824.9094026038524,4199.351697034648,23317.373718644965
FFIV,2800232000.0,2799054000.0,nan,No,0.09776416461253486,3,0.585106827852829,Stagnant,0.06862745098039215,nan,94.14285714285714,0.03285635817596273,nan,nan,nan,nan
FDS,1619930000.0,1505096000.0,1612700000.0,Maybe,0.08017051144087273,3,0.9060228530812566,Distributing More,0.08305549428744237,0.8548430332401644,175.1428571428571,0.028660930709061387,0.5877917430843871,388.34403127682253,331.97318963739224,13549.595971565726
FICO,-687990000.0,3388059000.0,1811658000.0,No,0.3091878866740297,3,3.278143529499585,Stagnant,0.16979362101313317,nan,245.4285714285714,0.009700186458596894,nan,nan,nan,nan
FAST,3348800000.0,3356900000.0,200000000.0,Yes,0.10534314853155435,3,0.2088659857420542,Distributing More,0.3513513513513513,0.9951438290864837,28.857142857142854,0.031053034669233804,0.11823491038651301,10.236978770572211,10.187266252024274,329.6611387457932
FRT,2803687000.0,-1160474000.0,4599177000.0,No,0.35053692841152834,3,1.106579753113168,Stagnant,-0.24947145877378418,nan,39.99999999999999,0.024129610288768373,nan,nan,nan,nan
FDX,27582000000.0,38649000000.0,20135000000.0,Maybe,0.9326907397051808,3,5.3662893084315435,Stagnant,0.26876483468174484,nan,nan,nan,nan,nan,nan,nan
FIS,19093000000.0,-22864000000.0,12970000000.0,No,-13.561235276680703,3,11.537980759214326,Stagnant,0.25645592163846836,nan,-160.85714285714283,-0.13686642104596433,nan,nan,nan,nan
FITB,17056000000.0,22997000000.0,16380000000.0,Maybe,0.30138300734733287,3,0.7311078921746091,Stagnant,0.18809201623815966,nan,46.14285714285714,0.07736526946107784,nan,nan,nan,nan
FSLR,6687469000.0,3971066000.0,464068000.0,Yes,-6.965235979071327,3,2.9115846200995086,Stagnant,0.2586872586872587,nan,111.14285714285714,0.03635514018691589,nan,nan,nan,nan
FE,10437000000.0,-97000000.0,22885000000.0,No,0.3957525114334031,3,0.6180362044411315,Stagnant,-0.09859154929577474,nan,27.428571428571423,0.04309764383571028,nan,nan,nan,nan
FI,29857000000.0,20444000000.0,21711000000.0,Maybe,0.5467337146206361,3,1.4493328262999796,Stagnant,0.28660055088057423,nan,71.71428571428571,0.029099763259230034,nan,nan,nan,nan
FMC,4410900000.0,6587100000.0,3023600000.0,Maybe,0.3926309539517087,3,2.373736506017465,Stagnant,0.34900442477876104,nan,150.71428571428572,0.16901634587436995,nan,nan,nan,nan
F,42773000000.0,31029000000.0,99562000000.0,No,-6.454957066345469,3,2.0001546815184073,Stagnant,0.5090252707581228,nan,15.571428571428571,0.10111317504639432,nan,nan,nan,nan
FTNT,-463400000.0,-1861700000.0,992300000.0,No,0.3513013013013013,3,0.3361082414937188,Stagnant,0.2236503856041131,nan,20.999999999999996,0.019337017428480444,nan,nan,nan,nan
FTV,10318900000.0,7505900000.0,3646200000.0,Maybe,-0.06295370402002616,3,1.123832727766904,Stagnant,-0.2184605558646406,nan,35.14285714285714,0.03394508015127825,nan,nan,nan,nan
FOXA,10714000000.0,3139000000.0,6598000000.0,No,0.010166530669047233,3,0.5983519031473035,Stagnant,-0.05097613882863339,nan,44.857142857142854,0.07770353902144567,nan,nan,nan,nan
FOX,10714000000.0,3139000000.0,6598000000.0,No,0.010166530669047233,3,0.5983519031473035,Stagnant,-0.05097613882863339,nan,44.857142857142854,0.08384512512767013,nan,nan,nan,nan
BEN,11916900000.0,12376600000.0,11284600000.0,Maybe,0.2127060449639173,3,0.7936781463540495,Stagnant,0.02534113060428848,nan,24.57142857142857,0.08834104060908983,nan,nan,nan,nan
FCX,16693000000.0,-2059000000.0,8656000000.0,No,1.848395909718878,3,0.9892212734970814,Stagnant,0.15648392590920568,nan,18.397214285714284,0.0313105997217766,nan,nan,nan,nan
GRMN,7012060000.0,5263528000.0,113035000.0,Yes,0.10518363035373963,3,0.6610786640030066,Stagnant,0.1311336717428088,nan,96.28571428571428,0.03725609343631702,nan,nan,nan,nan
IT,680634000.0,4739292000.0,2448696000.0,No,0.769640703505865,3,3.1870078051363473,Stagnant,0.2436699434018469,nan,159.57142857142856,0.022928340604151186,nan,nan,nan,nan
GE,27378000000.0,86527000000.0,19711000000.0,Maybe,54.821432303328855,3,5.444402515428116,Stagnant,0.6212683028911866,nan,120.57142857142856,0.051303873818130175,nan,nan,nan,nan
GEHC,7133000000.0,1326000000.0,8436000000.0,No,-0.41400871771099695,3,11.386148034206014,Distributing More,-0.6374834150687263,nan,43.57142857142856,0.03496503361945092,nan,nan,nan,nan
GEV,NA,NA,NA,No,NA,NA,NA,NA,NA,NA,NA,NA,NA,NA,NA,NA
GEN,2197000000.0,-41000000.0,8429000000.0,No,0.16686725410129669,3,0.5092825836409488,Stagnant,0.008163265306122457,nan,13.857142857142856,0.03746620405050429,nan,nan,nan,nan
GNRC,2340252000.0,2519313000.0,1380030000.0,Maybe,-0.07816521473810478,3,1.845988894874506,Stagnant,-0.10008703220191473,nan,47.285714285714285,0.022775751450466893,nan,nan,nan,nan
GD,21299000000.0,39270000000.0,8754000000.0,Maybe,0.03270445837712647,3,0.49671420354163476,Stagnant,0.03939828080229231,nan,173.42857142857142,0.04087542087542088,nan,nan,nan,nan
GIS,9396700000.0,20971800000.0,11304200000.0,No,0.0698211623081197,3,0.36513696060519546,Stagnant,0.09821428571428578,nan,nan,nan,nan,nan,nan,nan
GM,64286000000.0,55391000000.0,82773000000.0,No,0.21877444805092597,3,1.1225528940767109,Stagnant,0.1259477674810446,nan,104.99999999999999,0.15290201886128546,nan,nan,nan,nan
GPC,4401047000.0,5065327000.0,3550930000.0,Maybe,-10.631552365762891,3,3.7248447954243677,Stagnant,0.9570429570429573,nan,134.0,0.06881373463430623,nan,nan,nan,nan
GILD,22833000000.0,16304000000.0,23189000000.0,No,16.19278012809213,3,1.9145430264164867,Stagnant,2.49438202247191,nan,64.85714285714285,0.057388446024179904,nan,nan,nan,nan
GPN,22999210000.0,3457182000.0,15692297000.0,No,2.6786874372240224,3,1.3105914695281669,Stagnant,0.317157712305026,nan,53.99999999999999,0.03476181786149765,nan,nan,nan,nan
GL,4486803000.0,7478813000.0,1629559000.0,Maybe,0.14817849020997373,3,1.3025167945174452,Stagnant,0.11518652561247217,nan,145.85714285714286,0.09768465679220156,nan,nan,nan,nan
GDDY,62200000.0,-2320700000.0,3798500000.0,No,0.76053349267635,3,4.423366223816427,Stagnant,1.2195845697329375,nan,134.14285714285714,0.061537454783123995,nan,nan,nan,nan
GS,105702000000.0,143688000000.0,247867000000.0,No,0.2261397976914901,3,15.017457767295374,Buy Back,-0.01755526641691189,1.3324170780358382,329.2857142857143,0.04736950207743425,0.7254591899934824,1751.6783259233875,2333.9661166855485,36979.0318475365
HAL,9391000000.0,12536000000.0,7636000000.0,Maybe,-0.24554374784736988,3,2.4101141051825743,Stagnant,4.66171003717472,nan,41.857142857142854,0.10082587934779177,nan,nan,nan,nan
HIG,14993000000.0,19007000000.0,4362000000.0,Yes,0.23184985069806582,3,1.255568035294583,Stagnant,0.16912852886675478,nan,115.57142857142856,0.07024398826622022,nan,nan,nan,nan
HAS,1061900000.0,2188400000.0,2965800000.0,No,-2.635632610394005,3,5.578083788363169,Stagnant,0.7942122186495176,nan,-153.28571428571428,-0.15823625403803243,nan,nan,nan,nan
HCA,-1774000000.0,-1352000000.0,37169000000.0,No,0.3009662617537753,3,4.314792988586206,Stagnant,0.12565259035322676,nan,275.0,0.04824561403508772,nan,nan,nan,nan
DOC,6350446000.0,nan,6156299000.0,No,-0.06475494273530735,3,0.14974979131871938,Stagnant,0.11052631578947368,nan,8.0,0.025339366078452445,nan,nan,nan,nan
HSIC,3655000000.0,3860000000.0,1937000000.0,Maybe,0.09151145089951833,3,0.6554912280114814,Stagnant,0.02418797512093988,nan,45.42857142857142,0.045312054519405225,nan,nan,nan,nan
HSY,4099086000.0,4562263000.0,3789132000.0,Maybe,0.13919125985992875,3,1.1088141187773541,Stagnant,0.18493487343327603,nan,133.0,0.04699646498312137,nan,nan,nan,nan
HES,8986000000.0,2318000000.0,8302000000.0,No,0.4878884700592157,3,6.6085115589727295,Stagnant,-8.266889122953893,nan,64.27584285714285,0.034937948770374774,nan,nan,nan,nan
HPE,21182000000.0,-3946000000.0,7487000000.0,No,-3.6319722000683607,3,1.0629440248667847,Stagnant,0.6779026217228463,nan,22.285714285714285,0.08876244280396191,nan,nan,nan,nan
HLT,-2360000000.0,-4207000000.0,9157000000.0,No,0.16280457511441945,3,2.8884024563761885,Stagnant,1.0499243570347958,nan,62.285714285714285,0.02013298877517919,nan,nan,nan,nan
HOLX,5016900000.0,2056300000.0,2531200000.0,Maybe,-0.07144584974773653,3,1.9496970918581173,Stagnant,-0.12884097035040434,nan,26.428571428571427,0.02281134444891923,nan,nan,nan,nan
HD,1044000000.0,83656000000.0,42743000000.0,No,0.09357202870064929,3,1.764332380817174,Stagnant,0.10543766578249335,nan,216.57142857142856,0.041772289868546204,nan,nan,nan,nan
HON,15856000000.0,47979000000.0,16562000000.0,No,0.08616429636282863,3,0.6605111656891196,Stagnant,0.11507936507936503,nan,121.85714285714283,0.042019704433497534,nan,nan,nan,nan
HRL,7734885000.0,7492952000.0,2358719000.0,Yes,-0.04087852875478293,3,0.1393735986476636,Stagnant,-0.09202453987730062,nan,20.71428571428571,0.04522769612879636,nan,nan,nan,nan
HST,6633000000.0,-839000000.0,3220000000.0,No,-15.437409968308847,3,0.8316361884862875,Stagnant,-2.736842105263158,nan,14.857142857142856,0.06212664362124613,nan,nan,nan,nan
HWM,3982000000.0,1720000000.0,3500000000.0,No,0.511800511164918,3,0.5144414446756793,Stagnant,0.32898172323759794,nan,26.428571428571427,0.019680851063829788,nan,nan,nan,nan
HPQ,-1069000000.0,-2361000000.0,9254000000.0,No,0.43856375896530636,3,1.219987192555725,Stagnant,0.12625764450581972,nan,46.99999999999999,0.09600233312091098,nan,nan,nan,nan
HUBB,2877000000.0,3182700000.0,2023200000.0,Maybe,0.30644792830665674,3,2.9747310802827203,Stagnant,0.3679923334930522,nan,202.0,0.037679538502837354,nan,nan,nan,nan
HUM,16262000000.0,27540000000.0,10213000000.0,Maybe,-0.0753851407523668,3,1.9188196241439681,Stagnant,-0.06848443188472211,1.5721746583475134,286.99999999999994,0.054604259803186846,1.2951463711125608,5212.543657472324,8195.02904380805,95460.38489048627
HBAN,16959000000.0,4322000000.0,12394000000.0,No,0.25140587112418095,3,0.2958356807418605,Stagnant,0.28871391076115493,nan,18.0,0.08583106088599722,nan,nan,nan,nan
HII,4093000000.0,4755000000.0,2214000000.0,Maybe,0.013131288499065233,3,1.6025351010196316,Stagnant,-0.0016084558823529478,nan,243.85714285714283,0.06288219456761011,nan,nan,nan,nan
IBM,22533000000.0,151276000000.0,50121000000.0,No,0.9422033387249957,3,2.360873778921694,Stagnant,-0.6419159248148572,nan,117.57142857142857,0.0406660727415515,nan,nan,nan,nan
IEX,3541400000.0,3934300000.0,1325100000.0,Maybe,0.1710625078785478,3,1.225816054716204,Stagnant,0.16495433789954336,nan,112.42857142857142,0.039941130065770616,nan,nan,nan,nan
IDXX,1484530000.0,4444571000.0,622883000.0,Maybe,0.15434992192347807,3,1.2049559120565365,Stagnant,0.09896602658788772,nan,145.28571428571428,0.021648431236805116,nan,nan,nan,nan
ITW,3012000000.0,27122000000.0,6339000000.0,No,0.1423071299011148,3,1.2785636472229296,Stagnant,0.20514511873350919,nan,139.57142857142856,0.04020741503409223,nan,nan,nan,nan
INCY,5189837000.0,160385000.0,29162000.0,Yes,-1.3536175710594314,3,2.0654599971919088,Stagnant,0.5644257703081234,nan,38.14285714285714,0.0422468349330415,nan,nan,nan,nan
IR,9783800000.0,1697200000.0,2693000000.0,Yes,-5.242310757263383,3,0.7564059756506423,Stagnant,0.4466666666666666,nan,27.428571428571423,0.02196293800292085,nan,nan,nan,nan
PODD,732700000.0,-378000000.0,1366400000.0,No,13.946147186147186,3,1.2214821938939593,Stagnant,0.84070796460177,nan,42.285714285714285,0.013697361945386106,nan,nan,nan,nan
INTC,105590000000.0,69156000000.0,46978000000.0,Maybe,-0.4713903592978174,3,1.9585007020677834,Stagnant,-0.6267104542966612,nan,5.714285714285714,0.020576131121973276,nan,nan,nan,nan
ICE,25717000000.0,16356000000.0,20659000000.0,Maybe,0.295120192002204,3,1.7051832746071607,Stagnant,0.03394039735099339,nan,60.0,0.02577161421452114,nan,nan,nan,nan
IFF,14611000000.0,-2439000000.0,9186000000.0,No,-2.586686556395294,3,5.549295000268052,Stagnant,0.5215686274509804,nan,-143.57142857142856,-0.098106206174179,nan,nan,nan,nan
IP,8355000000.0,9491000000.0,5455000000.0,Maybe,0.5930065590510978,3,1.6559664851681026,Stagnant,-0.12769618523608633,nan,11.857142857142856,0.017547568993398155,nan,nan,nan,nan
IPG,3942600000.0,4254500000.0,2917500000.0,Maybe,0.6240970309152126,3,0.7419400245302851,Stagnant,0.48039215686274517,nan,40.857142857142854,0.09099586294082934,nan,nan,nan,nan
INTU,18436000000.0,16989000000.0,5539000000.0,Yes,0.12042811781266842,3,1.2550796787455367,Stagnant,0.12800349497597205,nan,151.14285714285714,0.016928,nan,nan,nan,nan
ISRG,13307600000.0,4743000000.0,nan,No,0.24635158510809152,3,0.8384024988035281,Stagnant,0.12612612612612614,nan,73.14285714285714,0.0107355528303402,nan,nan,nan,nan
IVZ,10587100000.0,6826700000.0,8611300000.0,Maybe,-0.11599230634726343,3,1.3314465817298116,Stagnant,-0.955056179775281,nan,-10.428571428571427,-0.04462102523016427,nan,nan,nan,nan
INVH,10155971000.0,-1070586000.0,8546052000.0,No,0.34497354497354493,3,0.19026297590440447,Stagnant,-0.41666666666666663,nan,12.14285714285714,0.02303522939975689,nan,nan,nan,nan
IQV,6112000000.0,4692000000.0,12955000000.0,No,0.9603796024285383,3,2.173649005704463,Stagnant,0.300709939148073,nan,105.57142857142856,0.02977437586971871,nan,nan,nan,nan
IRM,211648000.0,-3953808000.0,11812500000.0,No,-0.043393799827623404,3,0.47710061831861,Stagnant,0.12001714530647233,nan,9.0,0.005776636843050772,nan,nan,nan,nan
JBHT,4103758000.0,6978119000.0,1326107000.0,Yes,0.18576447716052827,3,1.6119586141814213,Stagnant,0.09900740068425387,nan,100.79535714285713,0.041565095729013256,nan,nan,nan,nan
JBL,2866000000.0,4412000000.0,2875000000.0,No,4.134737694682307,3,2.5707440557161654,Stagnant,0.3409893992932862,1.3522871305998456,87.85714285714285,0.06017023828478132,1.2819242229913983,647.3084455036087,875.3468803831215,10757.950507690286
JKHY,1842364000.0,3081690000.0,60000000.0,Yes,0.07829732516102676,3,0.39084929258571016,Stagnant,0.08640368960862296,nan,74.85048571428571,0.03026183446038095,nan,nan,nan,nan
J,6546220000.0,4542872000.0,2813471000.0,Maybe,0.1595798118226407,3,0.8692633375450732,Stagnant,0.11507647487254187,nan,76.0,0.03690088137315344,nan,nan,nan,nan
JNJ,68774000000.0,153843000000.0,25881000000.0,Maybe,0.4356193023204075,3,3.178299267677399,Stagnant,0.48935931601475924,nan,198.28571428571428,0.08402954725421229,nan,nan,nan,nan
JCI,16545000000.0,1384000000.0,7818000000.0,No,0.6422849978955584,3,0.7040763058831052,Stagnant,0.6171933323344124,nan,38.60044285714285,0.03883902561237214,nan,nan,nan,nan
JPM,300474000000.0,332901000000.0,391825000000.0,No,0.2867862110328213,3,2.9102179901168914,Stagnant,0.19742489270386265,nan,232.1428571428571,0.07467830672885933,nan,nan,nan,nan
JNPR,4492700000.0,-2296400000.0,1616800000.0,No,0.17872614447956905,3,0.27806249297594954,Stagnant,0.28358208955223874,nan,13.857142857142856,0.02516212760563372,nan,nan,nan,nan
K,3175000000.0,8804000000.0,5089000000.0,No,-0.05722006526479587,3,0.6550954128979992,Stagnant,-0.17895357820765034,nan,39.71428571428571,0.03468929400015803,nan,nan,nan,nan
KVUE,11211000000.0,429000000.0,7687000000.0,No,-1.1823698011994368,3,0.6528371134565268,Stagnant,0.6129728283366123,nan,12.857142857142856,0.0399822297134071,nan,nan,nan,nan
KDP,25676000000.0,4559000000.0,9945000000.0,No,0.2753498054172719,3,0.28393441144038883,Stagnant,0.28505747126436787,nan,22.285714285714285,0.04233378737031841,nan,nan,nan,nan
KEY,12137000000.0,15672000000.0,19549000000.0,No,0.08705028609868382,3,0.6693653710792036,Stagnant,-0.10655737704918032,nan,12.714285714285714,0.05480295643740156,nan,nan,nan,nan
KEYS,4654000000.0,5611000000.0,1195000000.0,Yes,0.22900746060763136,3,1.132395138633154,Stagnant,0.12763868433971526,nan,85.0,0.040487205553717195,nan,nan,nan,nan
KMB,915000000.0,8368000000.0,7417000000.0,No,-0.08141310953092458,3,0.6571672161634361,Stagnant,-0.3339960238568589,12.878459936277006,74.57142857142856,0.03555131740723008,1.2335689594135066,134.35095352478425,1730.2333723695479,3779.0710252965546
KIM,9525446000.0,-122576000.0,7616796000.0,No,1.3955894208395172,3,0.7729933699586303,Stagnant,-0.6294416243654822,nan,14.571428571428571,0.04417496722648051,nan,nan,nan,nan
KMI,30306000000.0,-10689000000.0,27957000000.0,No,4.994108669108669,3,0.42540421953713625,Stagnant,-0.757689422355589,nan,15.142857142857142,0.04934823196414469,nan,nan,nan,nan
KKR,22858694000.0,9818336000.0,48633161000.0,No,-2.054037283563457,3,3.105482047927503,Stagnant,0.0632506004803843,nan,60.57142857142857,0.03567522132466191,nan,nan,nan,nan
KLAC,3368328000.0,1137270000.0,5880199000.0,No,0.19225739091736016,3,4.035339979481283,Stagnant,0.11170298627925745,nan,291.57142857142856,0.028033403934347344,nan,nan,nan,nan
KHC,49526000000.0,1367000000.0,19394000000.0,No,1.131541352115627,3,0.8201676657854783,Stagnant,-1.9999999999999991,nan,33.285714285714285,0.06436463952744964,nan,nan,nan,nan
KR,11615000000.0,26946000000.0,10162000000.0,Maybe,0.012753202032999308,3,0.42017853348308976,Stagnant,-0.040609137055837546,nan,42.714285714285715,0.05618188522019161,nan,nan,nan,nan
LHX,18765000000.0,3220000000.0,11160000000.0,No,0.17512002135413604,3,1.5509896034467798,Buy Back,0.1253791708796764,0.14888855752039026,92.42857142857142,0.027995326826675642,0.04395319085996066,122.58514824509776,18.251525895635805,4378.771821598853
LH,7875000000.0,7888200000.0,4054700000.0,Maybe,-0.18292107982673037,3,7.035698259590161,Stagnant,-0.20379835327652296,nan,68.57142857142857,0.021111892976400082,nan,nan,nan,nan
LRCX,8539454000.0,24811315000.0,4466045000.0,Maybe,0.3238100997868057,3,7.1701163693485475,Stagnant,0.20983567797612007,nan,nan,nan,nan,nan,nan,nan
LW,1787800000.0,2699800000.0,3440700000.0,No,1.1372269193111755,3,2.2394698033239924,Stagnant,0.2486865148861646,nan,71.57142857142856,0.08075435083925182,nan,nan,nan,nan
LVS,4118000000.0,2600000000.0,12129000000.0,No,-1.2226531638296345,3,1.9184287190302383,Stagnant,-5.772727272727272,nan,22.857142857142858,0.04002001046322429,nan,nan,nan,nan
LDOS,4201000000.0,2364000000.0,4664000000.0,No,-0.18850853853497607,3,1.538138078977307,Stagnant,-0.2815165876777251,nan,20.71428571428571,0.009323559414644139,nan,nan,nan,nan
LEN,26580664000.0,22369368000.0,4984028000.0,Yes,0.26224117013683057,3,2.9941223672388544,Stagnant,0.12445484522923093,nan,196.14285714285714,0.07696619792015494,nan,nan,nan,nan
LLY,10771900000.0,10312300000.0,18320800000.0,No,-0.02886168317122754,3,0.3436901217313172,Stagnant,-0.06528725382276929,nan,83.2383857142857,0.0063488133477160365,nan,nan,nan,nan
LIN,39720000000.0,8845000000.0,13397000000.0,Yes,0.4032122801304792,3,2.862336239857225,Stagnant,0.5203560675481084,nan,181.4285714285714,0.027350058863074164,nan,nan,nan,nan
LYV,-17148000.0,-2407949000.0,5459026000.0,No,-0.24738042339314517,3,3.7682978584501514,Stagnant,-1.0359869138495095,nan,19.71428571428571,0.014604720406382145,nan,nan,nan,nan
LKQ,6167000000.0,7290000000.0,3655000000.0,Maybe,0.2419604920718069,3,0.7642970626660814,Stagnant,0.1277173913043478,nan,50.14285714285713,0.08602941337341258,nan,nan,nan,nan
LMT,6835000000.0,15398000000.0,17291000000.0,No,0.0532489517819534,3,2.2254325422263417,Stagnant,0.06168153349781742,nan,394.99999999999994,0.04858975589691006,nan,nan,nan,nan
L,15704000000.0,15617000000.0,7919000000.0,Maybe,-0.797241002938045,3,3.875141126462364,Buy Back,0.8451941662273764,0.9138165547998858,89.99999999999999,0.07814437838464468,0.8772638926078903,1647.2506468991137,1505.2849110412312,21079.57963131993
LOW,-15050000000.0,-15637000000.0,35384000000.0,No,0.23184659982505884,3,2.065034806002069,Stagnant,0.18750000000000006,nan,189.0,0.054033080131542795,nan,nan,nan,nan
LULU,4232081000.0,3920362000.0,1154012000.0,Yes,0.46001579843205365,3,2.813293221475501,Stagnant,0.24895059735227643,nan,174.7142857142857,0.04665623840150435,nan,nan,nan,nan
LYB,12930000000.0,9692000000.0,10333000000.0,Maybe,0.7361695453512039,3,4.865035328751477,Stagnant,0.14132492113564668,nan,92.57142857142857,0.06889951929543174,nan,nan,nan,nan
MTB,24946000000.0,17524000000.0,8201000000.0,Yes,0.19871372615948082,3,2.2341818972500875,Distributing More,0.18302880148652834,0.7962949305498878,226.4285714285714,0.09409878752236187,0.5350499060161706,1184.9552519528647,943.5738600585312,12592.672904220675
MRO,11205000000.0,11966000000.0,3378000000.0,Yes,0.4126658350349975,3,2.7061595987352973,Stagnant,0.6555608723908368,nan,36.57142857142857,0.0944998148977657,nan,nan,nan,nan
MPC,24404000000.0,34562000000.0,25329000000.0,No,-0.4400683451831779,3,16.990883585028765,Stagnant,0.9311373672275925,nan,339.0,0.14045575867793406,nan,nan,nan,nan
MKTX,1292963000.0,1244216000.0,79677000.0,Yes,-0.047233437198998605,3,0.5256900227320279,Stagnant,-0.06433408577878102,nan,98.14285714285714,0.026485213817159493,nan,nan,nan,nan
MAR,-682000000.0,14838000000.0,11320000000.0,No,-1.1755726057211446,3,4.155339937959348,Stagnant,0.6656626506024098,nan,146.14285714285714,0.04458099074205711,nan,nan,nan,nan
MMC,12191000000.0,22759000000.0,11844000000.0,Maybe,0.26237844538320837,3,1.293200970460508,Stagnant,0.2381578947368421,nan,108.57142857142856,0.03324148116033801,nan,nan,nan,nan
MLM,8033200000.0,4562600000.0,3945600000.0,Maybe,0.18889723679917894,3,3.0514617398879507,Stagnant,0.1602802715130282,nan,269.71428571428567,0.03704721200285426,nan,nan,nan,nan
MAS,-126000000.0,-596000000.0,2945000000.0,No,0.21272328100106722,3,1.1301796774188992,Stagnant,-0.06724209742505077,nan,57.57142857142857,0.05220207460243639,nan,nan,nan,nan
MA,6929000000.0,62564000000.0,14344000000.0,No,0.23220613799461995,3,2.0088725071541993,Stagnant,0.1837765062268596,nan,169.42857142857142,0.024857999966739028,nan,nan,nan,nan
MTCH,-19548000.0,-7131029000.0,3842242000.0,No,0.4982127921696278,3,0.6174342070212825,Stagnant,0.3029739776951673,nan,33.71428571428571,0.06463982767723375,nan,nan,nan,nan
MKC,5060700000.0,3249700000.0,3339900000.0,Maybe,-0.03058640417297657,3,0.137908484148003,Stagnant,-0.05241935483870964,nan,36.285714285714285,0.03057294106908128,nan,nan,nan,nan
MCD,-4706700000.0,63479900000.0,37152900000.0,No,0.2689749676138928,3,1.9663566146743803,Stagnant,0.3675925779699068,nan,166.14285714285714,0.040407197915533474,nan,nan,nan,nan
MCK,-1971000000.0,14978000000.0,5579000000.0,No,0.36035961755655704,3,21.312275072126862,Stagnant,2.707889125799574,nan,321.99999999999994,0.04374490465552083,nan,nan,nan,nan
MDT,50214000000.0,30403000000.0,23877000000.0,Maybe,0.0442396615274628,3,0.4319939235683761,Stagnant,0.03272727272727267,nan,39.57142857142857,0.03087382927231632,nan,nan,nan,nan
MRK,37581000000.0,53895000000.0,33683000000.0,Maybe,-0.005882248914114596,3,2.2085105648502537,Stagnant,-0.8595903304507854,1.509803060907407,2.0,0.0011754828026334545,-30.411747369706337,-231228285.02177277,-349109172.49424285,-196709202809.04837
META,153168000000.0,82070000000.0,18385000000.0,Yes,0.24863092740793483,3,2.676811302650973,Stagnant,0.10347699354570057,nan,216.99999999999997,0.029106307691192143,nan,nan,nan,nan
MET,30015000000.0,40146000000.0,18677000000.0,Maybe,-0.22820095252938044,3,2.30923968343537,Stagnant,-0.37838874413205553,nan,25.857142857142854,0.023712825318754356,nan,nan,nan,nan
MTD,-149938000.0,7510756000.0,1888620000.0,No,0.13820739286652453,3,5.072920756329632,Stagnant,0.08142150247413407,68.35892633731955,515.7142857142857,0.02598169156089125,68.35892633731955,-5373795554.981555,-367346894494.7993,-206830088117.5274
MGM,3811170000.0,3664008000.0,6343810000.0,No,-0.6168417046622695,3,2.234748307975643,Stagnant,0.7510391285652861,nan,46.0,0.08994413599502599,nan,nan,nan,nan
MCHP,6657800000.0,6759500000.0,5000400000.0,Maybe,1.0211659441988483,3,1.301568164753579,Stagnant,0.5045220783826919,nan,50.285714285714285,0.045863192182410424,nan,nan,nan,nan
MU,44120000000.0,40824000000.0,11943000000.0,Yes,-0.009757977411106364,3,4.927408040745155,Distributing More,-0.8607875762617858,0.9043751420194575,-76.28571428571428,-0.059751592658468716,0.9822801168001598,1089.9066978029234,985.6845246134768,-18240.63007044296
MSFT,268477000000.0,173144000000.0,42688000000.0,Yes,0.1389359151705928,3,1.3296992141082133,Distributing More,0.1266937669376694,0.5322785735653611,169.42857142857142,0.02899330188917134,0.43129823709638454,216.9377899022196,115.47133736157545,7482.341636405454
MAA,6113229000.0,-1298263000.0,4045225000.0,No,0.3820783951931494,3,1.233744300898691,Stagnant,-1.8510324483775824,nan,67.28571428571428,0.029209302325581395,nan,nan,nan,nan
MRNA,13854000000.0,13606000000.0,1218000000.0,Yes,-6.114276470409924,3,17.169046275201193,Stagnant,-0.2781652360515022,nan,-176.14285714285714,-0.1678921512814141,nan,nan,nan,nan
MHK,7623071000.0,6970244000.0,1701785000.0,Yes,-6.050048893125884,3,8.115911455283381,Stagnant,-0.8977777777777778,nan,-98.57142857142857,-0.046408396152174104,nan,nan,nan,nan
MOH,4215000000.0,3887000000.0,2180000000.0,Maybe,0.1911342911635879,3,3.004617329824163,Stagnant,0.13370544753513827,nan,267.3364428571428,0.05625090601176488,nan,nan,nan,nan
TAP,13196000000.0,7484300000.0,5312100000.0,Maybe,-3.2172589054367275,3,3.7710169384398156,Stagnant,-15.120689655172388,nan,62.7142857142857,0.07864564715157195,nan,nan,nan,nan
MDLZ,28332000000.0,34236000000.0,16887000000.0,Maybe,0.24179251781858238,3,0.6252749395266054,Stagnant,0.20976491862567814,nan,52.0,0.04839138448455844,nan,nan,nan,nan
MPWR,2049939000.0,947064000.0,5565000.0,Yes,0.3905637039026619,3,2.42188459675518,Stagnant,0.33396226415094343,nan,128.28571428571428,0.010671547022798045,nan,nan,nan,nan
MNST,NA,NA,NA,No,NA,NA,NA,NA,NA,NA,NA,NA,NA,NA,NA,NA
MCO,nan,nan,nan,No,0.018660628962596276,3,1.6030127884705105,Stagnant,-0.026296296296296328,nan,125.28571428571426,0.018099267817435406,nan,nan,nan,nan
MS,90288000000.0,97996000000.0,267467000000.0,No,-0.04987552944956464,3,1.0500595221224367,Stagnant,-0.07949029126213587,nan,74.85714285714285,0.05255767462781639,nan,nan,nan,nan
MOS,12290200000.0,14241900000.0,3231600000.0,Yes,0.7445390171777442,3,3.3220458478650152,Stagnant,0.09740706273153203,nan,50.285714285714285,0.13298073635476484,nan,nan,nan,nan
MSI,724000000.0,1640000000.0,4705000000.0,No,0.22724381113231043,3,1.6687926024524438,Stagnant,0.24616199047114876,nan,146.14285714285714,0.02343803691293586,nan,nan,nan,nan
MSCI,-739764000.0,4179681000.0,4496826000.0,No,0.2631224610213285,3,2.7099308109248836,Distributing More,0.29560260586319215,-8.266858455712777,206.4285714285714,0.025475125606187317,-5.108861315537378,6474.231745560673,-53521.557450032335,254139.34540084196
NDAQ,10816000000.0,7825000000.0,10163000000.0,Maybe,0.046239624447115935,3,0.1875721105780054,Stagnant,0.0370806313030452,nan,30.0,0.028661117731861186,nan,nan,nan,nan
NTAP,1146000000.0,208000000.0,1992000000.0,No,0.16057017778537228,3,0.933555033193009,Stagnant,0.13653483992467047,nan,67.71428571428571,0.040637860294953546,nan,nan,nan,nan
NFLX,20588313000.0,22589286000.0,14143417000.0,Maybe,0.3107926949700904,3,2.3160418821774362,Stagnant,0.14915338645418325,nan,174.99999999999997,0.01796556516464884,nan,nan,nan,nan
NEM,29027000000.0,-2996000000.0,6951000000.0,Yes,0.8483032378580324,3,2.402825160098004,Stagnant,1.1651705565529622,nan,-42.42857142857143,-0.057302718407786786,nan,nan,nan,nan
NWSA,8120000000.0,-1889000000.0,2853000000.0,No,0.31527748980579157,3,0.29371542349696245,Stagnant,-0.05454545454545459,nan,6.7142857142857135,0.017407407407407406,nan,nan,nan,nan
NWS,8120000000.0,-1889000000.0,2853000000.0,No,-0.37370636584473066,3,1.2400403219250575,Stagnant,-2.2407407407407405,nan,nan,nan,nan,nan,nan,nan
NEE,47468000000.0,30235000000.0,61405000000.0,No,0.36604118540754743,3,0.813699875749038,Stagnant,0.8536286323355141,nan,51.57142857142856,0.04464506520839494,nan,nan,nan,nan
NKE,14430000000.0,965000000.0,7903000000.0,No,0.01861026592743838,3,0.21592822881689183,Stagnant,0.012480499219968766,nan,53.71428571428571,0.046488626702334654,nan,nan,nan,nan
NI,7783500000.0,-967000000.0,11055500000.0,No,-2.626056586716388,3,0.7914030262767511,Stagnant,1.913978494623655,nan,22.71428571428571,0.04753363120283161,nan,nan,nan,nan
NDSN,2598060000.0,3989353000.0,1621394000.0,Maybe,0.3026143879542444,3,1.8174363812799608,Stagnant,0.19849482596425205,nan,121.99999999999997,0.03459731051166397,nan,nan,nan,nan
NSC,12781000000.0,10695000000.0,17175000000.0,No,0.09119751813602646,3,2.7820645657471723,Stagnant,0.002232917558592187,nan,114.85714285714283,0.03180128062289559,nan,nan,nan,nan
NTRS,11013000000.0,14233800000.0,13406000000.0,No,-0.002265586701626391,3,0.7852825924468211,Stagnant,-0.03147699757869254,nan,72.71428571428571,0.05717816436692092,nan,nan,nan,nan
NOC,14795000000.0,14773000000.0,13786000000.0,Maybe,0.14766396075892663,3,11.653679676394063,Stagnant,-0.06717054736072166,nan,193.85714285714283,0.026126801858493958,nan,nan,nan,nan
NCLH,300807000.0,-6900137000.0,12314147000.0,No,-0.6168214491130962,3,6.237168828883823,Stagnant,-0.48761329305135953,nan,5.571428571428571,0.022621810045111452,nan,nan,nan,nan
NRG,2256000000.0,820000000.0,10133000000.0,No,0.5518607232632989,3,3.7200033602135356,Stagnant,-0.33167495854063017,nan,-16.0,-0.014260249388137915,nan,nan,nan,nan
NUE,20940634000.0,28762045000.0,6459984000.0,Yes,2.88996924596147,3,9.873657820179915,Stagnant,0.24078254326561327,nan,257.85714285714283,0.1294463545895644,nan,nan,nan,nan
NVDA,42978000000.0,29817000000.0,8459000000.0,Yes,2.17487967141633,3,0.42381988730473713,Stagnant,0.5460090161760807,nan,17.214285714285715,0.011153276469722978,nan,nan,nan,nan
NVR,4364725000.0,13365025000.0,913027000.0,Yes,0.2904576669092117,3,113.27783256224494,Stagnant,0.15403436682853935,nan,7021.714285714284,0.05402220752005722,nan,nan,nan,nan
NXPI,8644000000.0,-2793000000.0,10175000000.0,No,11.975358530189439,3,4.307594311213626,Stagnant,0.6121274882061903,nan,154.7142857142857,0.04585679842472078,nan,nan,nan,nan
ORLY,-1739278000.0,-3131532000.0,5570125000.0,No,0.1823512508470979,3,5.4285495300310185,Stagnant,0.11795112781954886,nan,554.2857142857142,0.03405659627330257,nan,nan,nan,nan
OXY,21963000000.0,19626000000.0,17945000000.0,Maybe,1.832503112962132,3,11.069162965192987,Stagnant,236.4444444444448,nan,60.28571428571428,0.07855547103698977,nan,nan,nan,nan
ODFL,4257811000.0,4003956000.0,59977000.0,Yes,0.28706082173873465,3,1.2656470677088458,Stagnant,0.16511605455128892,nan,80.92857142857142,0.03040957756275627,nan,nan,nan,nan
OMC,3616300000.0,10571500000.0,4889100000.0,No,0.18824993658041603,3,1.0052953546097785,Stagnant,0.19504876219054768,nan,99.71428571428571,0.06990485835419478,nan,nan,nan,nan
ON,7782600000.0,6548100000.0,2542600000.0,Yes,1.3883709687509436,3,1.7662672504465455,Distributing More,0.36290322580645157,0.6201324798556365,72.42857142857143,0.07241822375800577,0.6201324798556365,140.96064317906126,87.41427321667678,1946.480262345266
OKE,16484000000.0,868000000.0,21183000000.0,No,0.6460015141353169,3,1.4512925273699993,Stagnant,-4.423913043478259,nan,78.42857142857143,0.05974534809517539,nan,nan,nan,nan
ORCL,8704000000.0,-22628000000.0,76264000000.0,No,0.0036497439402420895,3,0.8077244270170364,Stagnant,-0.09518477043673014,nan,54.57142857142856,0.026566521860797686,nan,nan,nan,nan
OTIS,-4924000000.0,-2005000000.0,6866000000.0,No,0.18801682904564485,3,0.480364444979018,Stagnant,0.17828418230563006,nan,48.857142857142854,0.03706111882575448,nan,nan,nan,nan
PCAR,15878800000.0,15780300000.0,9165600000.0,Maybe,0.5234841958348272,3,2.4060434643252497,Stagnant,0.6079949918752402,nan,125.4285714285714,0.09448988563297617,nan,nan,nan,nan
PKG,3997300000.0,3447200000.0,2472200000.0,Maybe,0.2810701341545238,3,2.2322116275120507,Stagnant,0.22578655151141264,nan,121.7142857142857,0.041846757095224285,nan,nan,nan,nan
PANW,1748400000.0,-1227400000.0,nan,No,-0.7350629861108692,3,1.187833052008783,Distributing More,-1.1285714285714286,-2.9708489166099508,20.71428571428571,0.004202898550724638,-2.9708489166099508,-168.62964971339346,500.97321215935045,-40122.22700077293
PARA,22526000000.0,13829000000.0,14601000000.0,Maybe,-0.5393120337804486,3,2.9607811469272765,Stagnant,-0.5985489721886337,nan,-14.571428571428571,-0.0981713153316221,nan,nan,nan,nan
PH,12071972000.0,19104599000.0,7157034000.0,Maybe,0.2610660548775987,3,2.7241604211206063,Stagnant,0.2197943444730077,nan,nan,nan,nan,nan,nan,nan
PAYX,3801000000.0,2213000000.0,798600000.0,Yes,0.1271589270305176,3,0.5424654366869839,Stagnant,0.46323529411764724,nan,nan,nan,nan,nan,nan,nan
PAYC,1303036000.0,1469981000.0,nan,No,0.33704116147755,3,1.316650580070506,Stagnant,0.22028985507246376,nan,84.42857142857142,0.037828843126302594,nan,nan,nan,nan
PYPL,21051000000.0,23200000000.0,9676000000.0,Maybe,0.13883424694660826,3,0.6855289928223313,Stagnant,0.020642201834862386,nan,54.99999999999999,0.05351681775568122,nan,nan,nan,nan
PNR,3217100000.0,1866200000.0,1988300000.0,Maybe,0.23961191983665672,3,0.5977666768899049,Stagnant,0.18202247191011237,nan,53.857142857142854,0.044295617118600646,nan,nan,nan,nan
PEP,18503000000.0,70035000000.0,37595000000.0,No,0.0876491654192461,3,0.6160560417577184,Stagnant,0.24075998946070082,nan,94.34394285714285,0.0372186424094577,nan,nan,nan,nan
PFE,89014000000.0,118353000000.0,60499000000.0,Maybe,0.25329829833843437,3,1.9997312319409326,Stagnant,-0.25102847295103126,nan,5.428571428571428,0.01330532237765437,nan,nan,nan,nan
PCG,25040000000.0,-5321000000.0,50975000000.0,No,-6.651526251526252,3,0.8542101614942309,Stagnant,2.4044943820224716,nan,15.571428571428571,0.052861297557567105,nan,nan,nan,nan
PM,-11225000000.0,34090000000.0,41243000000.0,No,-0.003109116433146227,3,0.37083520598778125,Stagnant,-0.06965174129353263,nan,71.71428571428571,0.0401407332320473,nan,nan,nan,nan
PSX,30583000000.0,30550000000.0,17877000000.0,Maybe,1.7345337287314664,3,12.341550500241045,Stagnant,1.4004550625711034,nan,222.28571428571428,0.12070436395909873,nan,nan,nan,nan
PNW,6177664000.0,3466317000.0,7540622000.0,No,-0.021673239119801308,3,0.47193749586147554,Distributing More,-0.08317112015572461,0.5516011345339061,63.14285714285714,0.04999999913694633,0.11793282174989624,95.00856707088182,52.40683338673913,1900.171374216634
PNC,51105000000.0,56290000000.0,72737000000.0,No,-0.07930400978563246,3,1.7343154269048053,Stagnant,-0.11933921959555675,nan,182.85714285714286,0.07083171669772155,nan,nan,nan,nan
POOL,1312787000.0,699990000.0,1015117000.0,Maybe,0.2169566530977293,3,3.605699481376672,Stagnant,0.09724729241877253,nan,192.1428571428571,0.0392334161152963,nan,nan,nan,nan
PPG,7832000000.0,21500000000.0,5748000000.0,Maybe,0.10383588385127447,3,0.7015830314367644,Stagnant,0.08325709057639527,nan,76.85714285714285,0.04304,nan,nan,nan,nan
PPL,13933000000.0,2710000000.0,14611000000.0,No,-1.186192152217387,3,1.4502930738302515,Stagnant,0.2884310618066561,nan,14.285714285714285,0.03098853380274481,nan,nan,nan,nan
PFG,10916000000.0,16683500000.0,3930900000.0,Maybe,0.5061024203981431,3,6.365298009520057,Stagnant,-0.11047282368537338,nan,36.857142857142854,0.03229844878205232,nan,nan,nan,nan
PG,49488000000.0,123811000000.0,25269000000.0,Maybe,0.05843666887064044,3,0.37076778446893155,Stagnant,0.10415512465373963,nan,nan,nan,nan,nan,nan,nan
PGR,19783200000.0,18800500000.0,6888600000.0,Yes,1.1165848365376971,3,3.049934425524589,Stagnant,-0.23220973782771537,nan,94.42857142857143,0.02643048541241684,nan,nan,nan,nan
PLD,53117776000.0,-627068000.0,28021188000.0,No,0.2714867381180077,3,0.8679681733796465,Stagnant,0.6124401913875597,nan,47.14285714285714,0.02588235294117647,nan,nan,nan,nan
PRU,27820000000.0,32352000000.0,20001000000.0,Maybe,-8.614177956988744,3,9.375246015329957,Stagnant,3.112254915812548,nan,96.63981428571428,0.057421162381702605,nan,nan,nan,nan
PEG,15477000000.0,12017000000.0,17784000000.0,No,-0.816564356351086,3,2.3996510162938276,Stagnant,1.1229508196721314,nan,73.28571428571428,0.06324744126984126,nan,nan,nan,nan
PTC,2677290000.0,973277000.0,1686410000.0,Maybe,0.6801040442029453,3,1.070802853003297,Stagnant,0.09447236180904522,nan,29.571428571428566,0.012249245119314082,nan,nan,nan,nan
PSA,5663178000.0,-267910000.0,9103277000.0,No,0.476984025074423,3,6.539844703813692,Stagnant,2.677777777777775,nan,158.7142857142857,0.03250914411119239,nan,nan,nan,nan
PHM,10383257000.0,7012724000.0,2461845000.0,Yes,0.3288232959245497,3,2.6904309599021485,Stagnant,0.19921521279806817,nan,168.4285714285714,0.09144497533361516,nan,nan,nan,nan
QRVO,3556372000.0,-89598000.0,1549272000.0,No,-0.7058413137551515,3,4.116268991300883,Stagnant,-0.441004403564151,nan,-10.285714285714285,-0.006687099584326599,nan,nan,nan,nan
PWR,6272241000.0,4858066000.0,3663504000.0,Maybe,0.19551414768806075,3,0.7838486779985024,Stagnant,0.14072494669509597,nan,73.28571428571428,0.02034745398759639,nan,nan,nan,nan
QCOM,21581000000.0,20733000000.0,14484000000.0,Maybe,0.24932522732554055,3,2.545063849886678,Stagnant,0.09833506763787718,nan,92.42857142857142,0.03975666573436225,nan,nan,nan,nan
DGX,6307000000.0,8825000000.0,4410000000.0,Maybe,-0.019818303394913122,3,3.2733239986289164,Stagnant,-0.09427504667081517,nan,108.42857142857142,0.049209023143716044,nan,nan,nan,nan
RL,2450300000.0,7051600000.0,1140500000.0,Maybe,-1.9196555586499235,3,4.519054104566575,Stagnant,0.7905354578403885,nan,141.57142857142856,0.05727330561124489,nan,nan,nan,nan
RJF,10135000000.0,10213000000.0,3139000000.0,Yes,0.30358559383612915,3,1.560198304703604,Stagnant,0.20172911631744073,nan,116.57142857142857,0.06939955666716803,nan,nan,nan,nan
RTX,59798000000.0,52154000000.0,42355000000.0,Maybe,-0.6620881834889617,3,2.3708700934467077,Stagnant,-1.8347195025365095,nan,32.0,0.018721270133168485,nan,nan,nan,nan
O,32941467000.0,-6762136000.0,20755747000.0,No,0.09200986361279458,3,0.20056171120131577,Stagnant,-0.016114791224822296,nan,18.0,0.02019878131493065,nan,nan,nan,nan
REG,6807687000.0,-1871603000.0,4001949000.0,No,2.345157746172077,3,0.9449871190049033,Stagnant,-0.6611900623848562,nan,29.142857142857142,0.027849829351535838,nan,nan,nan,nan
REGN,25973100000.0,27260300000.0,1982900000.0,Yes,0.26159799629622577,3,17.399152163359876,Stagnant,0.023578592094398866,nan,529.2857142857142,0.03221739130434782,nan,nan,nan,nan
RF,15770000000.0,8186000000.0,2330000000.0,Yes,0.42354706046857354,3,0.5692758558027908,Stagnant,0.2138613861386138,nan,30.14285714285714,0.09319788237117813,nan,nan,nan,nan
RSG,10542300000.0,8433900000.0,11887100000.0,No,0.22031909258695767,3,0.8949406404896361,Stagnant,0.24771573604060917,nan,78.14285714285714,NA,nan,nan,nan,NA
RMD,4864043000.0,4991647000.0,697313000.0,Yes,0.17926521157393385,3,1.073382504049698,Stagnant,0.14715447154471548,nan,nan,nan,nan,nan,nan,nan
RVTY,7872739000.0,5609212000.0,3177770000.0,Maybe,-0.010117769736008864,3,1.0449295160080176,Stagnant,-0.04104719061695702,nan,79.42857142857142,0.04747267648234631,nan,nan,nan,nan
ROK,3561600000.0,9255200000.0,2862900000.0,Maybe,0.17527623860116096,3,1.781576941528628,Stagnant,0.1439359190609776,nan,172.6480857142857,0.04643573943950658,nan,nan,nan,nan
ROL,1155567000.0,566402000.0,490776000.0,Maybe,0.1942091121150383,3,0.12845232578665128,Stagnant,0.3094554100542063,nan,12.714285714285714,0.017658729624105494,nan,nan,nan,nan
ROP,17444800000.0,14816300000.0,5830600000.0,Yes,0.8093349841760548,3,13.88897471917924,Stagnant,0.05872255849670251,nan,185.42857142857142,0.023374331557267543,nan,nan,nan,nan
ROST,4871326000.0,3548667000.0,2211017000.0,Maybe,6.528360131931561,3,2.0884488861353536,Stagnant,0.5012179126850289,nan,79.85714285714285,0.03645731385407073,nan,nan,nan,nan
RCL,4724000000.0,-10000000.0,19732000000.0,No,-0.869280685498901,3,12.888362968197319,Stagnant,-0.6664028492283339,nan,94.71428571428571,0.04164572944153694,nan,nan,nan,nan
SPGI,34200000000.0,18728000000.0,11412000000.0,Yes,-0.028509101737130466,3,1.5503608450938124,Stagnant,-0.05197579209683164,nan,117.85714285714285,0.015954668571292997,nan,nan,nan,nan
CRM,59646000000.0,11721000000.0,8427000000.0,Yes,5.904740552401976,3,1.813592774026187,Stagnant,-0.023834196891191754,nan,60.71428571428571,0.01715508156036297,nan,nan,nan,nan
SBAC,-5170882000.0,-7450824000.0,11681170000.0,No,3.3060097843281344,3,1.774633765034352,Stagnant,5.022727272727276,nan,66.28571428571428,0.01981635755263484,nan,nan,nan,nan
SLB,20189000000.0,13497000000.0,10842000000.0,Maybe,-0.05171656628410267,3,4.286314557525905,Stagnant,-2.7182705848051167,nan,42.13534285714285,0.07158917343159697,nan,nan,nan,nan
STX,-1491000000.0,-8960000000.0,5195000000.0,No,-0.18078776484315773,3,3.759900264634688,Stagnant,-1.9541284403669723,nan,nan,nan,nan,nan,nan,nan
SRE,27786000000.0,15732000000.0,27759000000.0,Maybe,0.13613962614234412,3,1.660844570542349,Stagnant,-0.21619856303069895,nan,68.71428571428571,0.057875104857127165,nan,nan,nan,nan
NOW,7628000000.0,2069000000.0,1488000000.0,Yes,1.8522170413622228,3,3.203720493426354,Stagnant,0.663575042158516,nan,121.14285714285714,0.010107149975920864,nan,nan,nan,nan
SHW,3715800000.0,5288300000.0,8377900000.0,No,0.08190571966394533,3,0.8535721954917975,Stagnant,0.08131263839934938,nan,133.57142857142856,0.025931883911998733,nan,nan,nan,nan
SPG,2981728000.0,-6095576000.0,25972828000.0,No,0.30968700020563494,3,1.3913370368102762,Stagnant,-1.4933920704845813,nan,99.71428571428571,0.042413560730107575,nan,nan,nan,nan
SWKS,6082700000.0,5876000000.0,992900000.0,Yes,0.17514827724689389,3,1.609400121163162,Stagnant,0.07011070110701108,nan,88.14285714285714,0.060968381285185114,nan,nan,nan,nan
SJM,7693900000.0,2188100000.0,6773700000.0,No,-3.566635593209942,3,3.4426325319441227,Stagnant,-0.136842105263158,nan,101.99999999999999,0.05900338710813294,nan,nan,nan,nan
SW,6146023323.937434,2877355883.490853,3946277565.909468,Maybe,0.06840849160995288,3,0.4223222164325481,Stagnant,0.034068983343225674,nan,46.34784285714286,0.07188896351017733,nan,nan,nan,nan
SNA,5071300000.0,6948500000.0,1184600000.0,Yes,0.18627818109231895,3,2.790273284106773,Stagnant,0.1851126346718903,nan,272.99999999999994,0.07025993854969746,nan,nan,nan,nan
SOLV,NA,NA,NA,No,NA,NA,NA,NA,NA,NA,NA,NA,NA,NA,NA,NA
SO,31444000000.0,12482000000.0,57210000000.0,No,0.10906174203484949,3,0.5083982199024698,Stagnant,0.4630872483221478,nan,52.0,0.04065222205474402,nan,nan,nan,nan
LUV,10515000000.0,16297000000.0,7903000000.0,Maybe,-0.6315502716238011,3,2.857013300634073,Stagnant,-1.9559748427672956,nan,11.142857142857142,0.026165716671385453,nan,nan,nan,nan
SWK,9056100000.0,8540200000.0,6101000000.0,Maybe,-0.42351471739097263,3,4.755362762187549,Stagnant,-0.8778761061946903,nan,-29.571428571428566,-0.0210451401703443,nan,nan,nan,nan
SBUX,-7994800000.0,-7255800000.0,13547600000.0,No,1.1877252969488865,3,1.1424999332672574,Stagnant,0.8966215006210372,nan,51.42857142857142,0.03934426229508197,nan,nan,nan,nan
STT,21823000000.0,27957000000.0,15480000000.0,Maybe,-0.028671941642832044,3,0.6858707968706641,Stagnant,-0.04327755337564916,nan,80.71428571428571,0.06634569935456544,nan,nan,nan,nan
STLD,8866666000.0,13545590000.0,2611069000.0,Yes,1.682252050488694,3,6.744295737881012,Stagnant,0.24734477124183013,nan,210.28571428571428,0.13250518035150297,nan,nan,nan,nan
STE,6302164000.0,2087645000.0,3120162000.0,Maybe,0.5146399796772424,3,1.3618461733984495,Stagnant,-0.16566866267465072,nan,54.71428571428571,0.01597697305396654,nan,nan,nan,nan
SYK,18593000000.0,16771000000.0,10901000000.0,Maybe,0.2527205291651402,3,1.5047092742453607,Stagnant,0.3068822865739,nan,119.14285714285712,0.023252571131599106,nan,nan,nan,nan
SMCI,1972005000.0,1433014000.0,120179000.0,Yes,1.1697813396869472,3,7.453993476653975,Distributing More,0.47027677496991577,0.6603807251575613,310.4285714285714,0.0540547263681592,0.6603807251575613,470.4133159604308,310.6518867177223,8702.538104744279
SYF,13169000000.0,18662000000.0,15982000000.0,No,0.6412602169383056,3,1.8925511882112993,Stagnant,0.1678121420389462,nan,74.42857142857142,0.1068937181079697,nan,nan,nan,nan
SNPS,6147308000.0,6741699000.0,18078000.0,Yes,0.2267727363800295,3,1.4281106399715675,Stagnant,0.15410385259631487,nan,115.42857142857142,0.016906594771055272,nan,nan,nan,nan
SYY,1860000000.0,12260000000.0,11513000000.0,No,0.6706776190204279,3,1.0994316713648011,Stagnant,0.7493472584856397,nan,55.71428571428571,0.049367088607594936,nan,nan,nan,nan
TMUS,64715000000.0,7347000000.0,71399000000.0,No,0.7165537744264663,3,2.016499132159496,Stagnant,0.3205317577548006,nan,100.28571428571426,0.03556591258657573,nan,nan,nan,nan
TROW,9505100000.0,9076100000.0,308500000.0,Yes,-0.007191171368257939,3,2.5011897169147326,Stagnant,-0.1334106728538283,nan,111.14285714285714,0.074836476226576,nan,nan,nan,nan
TTWO,5667900000.0,-2579900000.0,3058300000.0,No,-0.36894702827304693,3,10.846259723978585,Stagnant,1.3387573964497042,nan,-314.42857142857144,-0.13951572493903885,nan,nan,nan,nan
TPR,2896900000.0,-722200000.0,6937200000.0,No,0.06707070707070706,3,0.36,Stagnant,0.05708460754332314,nan,50.857142857142854,0.08680809913934436,nan,nan,nan,nan
TRGP,2739700000.0,492000000.0,12089100000.0,No,-19.494917446701105,3,4.525126379450634,Stagnant,-2.406593406593406,nan,52.71428571428571,0.02460163920834162,nan,nan,nan,nan
TGT,13432000000.0,7093000000.0,14922000000.0,No,0.18110090718570226,3,2.9741416829061795,Stagnant,0.010376134889753575,nan,128.0,0.05909900378556053,nan,nan,nan,nan
TEL,11551000000.0,12947000000.0,3529000000.0,Yes,-3.493300120342576,3,3.3055597105482755,Stagnant,0.6003536693191865,nan,86.57142857142856,0.04124693762268852,nan,nan,nan,nan
TDY,9221200000.0,5447500000.0,2644800000.0,Yes,0.2508553171657793,3,3.866508970856333,Stagnant,0.14004701831903074,nan,267.32228571428567,0.043589553978733875,nan,nan,nan,nan
TFX,4440988000.0,4109736000.0,1727572000.0,Maybe,0.05488667808219583,3,1.257524850649084,Stagnant,0.013469239170003644,nan,108.28571428571428,0.031088506981793843,nan,nan,nan,nan
TER,2525897000.0,706514000.0,nan,No,-0.10484799871476536,3,1.1623360099386064,Stagnant,-0.10864345738295315,nan,41.57142857142857,0.023296772994033058,nan,nan,nan,nan
TSLA,62634000000.0,27882000000.0,2682000000.0,Yes,2.635449991374851,3,1.7714837585745742,Stagnant,0.41234394281023906,nan,67.50995714285715,0.020316839535665748,nan,nan,nan,nan
TXN,16897000000.0,52283000000.0,10624000000.0,Maybe,0.09031382249349111,3,1.3058697277390223,Stagnant,0.08065195254885979,nan,102.42291428571427,0.03558116129032258,nan,nan,nan,nan
TXT,6987000000.0,5862000000.0,3517000000.0,Maybe,0.6037593148704259,3,1.2223236069061254,Stagnant,0.24807395993836673,nan,65.28571428571428,0.05240825871487745,nan,nan,nan,nan
TMO,46735000000.0,47364000000.0,31308000000.0,Maybe,-0.0005179280044649293,3,1.5972867619810796,Stagnant,-0.008842693143034446,nan,221.7142857142857,0.025547746052592975,nan,nan,nan,nan
TJX,6364000000.0,5815000000.0,2859000000.0,Maybe,12.131423359043046,3,1.436974380173734,Distributing More,0.7340802292580436,0.8989313582696941,56.081057142857134,0.0333560533483246,0.650937596942065,67.55178795768956,60.72442050235223,2025.173279712437
TSCO,2149762000.0,6281959000.0,1729000000.0,Maybe,0.170880907773615,3,1.4456572899549878,Stagnant,0.15667229729729729,nan,145.0,0.037362879567006735,nan,nan,nan,nan
TT,6995200000.0,9133700000.0,3977900000.0,Maybe,0.3731837312950545,3,1.9939239145693346,Stagnant,0.33189261317295815,nan,127.27232857142856,0.02575320268580092,nan,nan,nan,nan
TDG,-1984000000.0,-2621000000.0,19330000000.0,No,0.36436134371200124,3,5.068791769248368,Stagnant,10.053846153846148,nan,314.7142857142857,0.016556191911169818,nan,nan,nan,nan
TRV,24921000000.0,45591000000.0,7931000000.0,Yes,0.0950465467443129,3,1.4860413015794682,Stagnant,0.0666291818948552,nan,184.7142857142857,0.05570874476510472,nan,nan,nan,nan
TRMB,4500100000.0,2437400000.0,2536200000.0,Maybe,-0.0197149153595146,3,0.18553975315279464,Stagnant,-0.032520325203252,nan,nan,nan,nan,nan,nan,nan
TFC,52428000000.0,22088000000.0,38918000000.0,Maybe,-0.2684401072103364,3,2.2856549936506165,Stagnant,-1.2923076923076924,nan,-15.571428571428571,-0.025231481035877495,nan,nan,nan,nan
TYL,2937995000.0,1603773000.0,596206000.0,Yes,-0.06297056810403834,3,0.39837168574084175,Stagnant,-0.055023923444976065,nan,56.42857142857142,0.006730965542970427,nan,nan,nan,nan
TSN,18133000000.0,18760000000.0,7611000000.0,Maybe,-0.2363123780272116,3,4.403183507418241,Stagnant,-0.5400410677618069,nan,-26.71428571428571,-0.02866778941842917,nan,nan,nan,nan
USB,48498000000.0,74026000000.0,51480000000.0,No,0.09274233508230482,3,0.7992926560403267,Stagnant,0.026649746192893394,nan,46.71428571428571,0.07169480281168526,nan,nan,nan,nan
UBER,11249000000.0,-30594000000.0,9459000000.0,No,4.904360108208151,3,2.3470446842785075,Stagnant,-0.611749680715198,nan,13.285714285714285,0.013074652550409191,nan,nan,nan,nan
UDR,3946529000.0,-3554892000.0,5386041000.0,No,1.7114861329147046,3,0.4561455359860491,Stagnant,-0.3060402684563759,nan,19.142857142857142,0.0302005867085352,nan,nan,nan,nan
ULTA,2279328000.0,1286765000.0,1627271000.0,Maybe,1.7391117192387524,3,9.032654648551555,Stagnant,0.3222470653996646,nan,373.99999999999994,0.07183821454369507,nan,nan,nan,nan
UNP,14788000000.0,62093000000.0,31156000000.0,No,0.10701276872407824,3,1.2376262561856064,Stagnant,0.12157048249763483,nan,149.57142857142856,0.04164677905406431,nan,nan,nan,nan
UAL,9324000000.0,3831000000.0,25057000000.0,No,0.14526301509040285,3,11.552551047783048,Stagnant,-1.6567306492155933,nan,114.0,0.17741218499806255,nan,nan,nan,nan
UPS,17306000000.0,21055000000.0,18916000000.0,No,2.4757888107240054,3,5.150448402809215,Stagnant,0.3668850506253723,nan,111.57142857142856,0.061173338388123506,nan,nan,nan,nan
URI,8130000000.0,11672000000.0,10053000000.0,No,0.43600111990112844,3,9.014569836311528,Stagnant,0.25549486857424925,1.3549536565904947,505.71428571428567,0.05065102126685191,1.128362536618299,3087.3187904764513,4183.173884216611,60952.74514231598
UNH,88756000000.0,95774000000.0,58263000000.0,Maybe,0.14022361263185626,3,2.997635524735069,Stagnant,0.13957615519336944,nan,344.57142857142856,0.040478628220332546,nan,nan,nan,nan
UHS,6149001000.0,6798930000.0,4785783000.0,Maybe,-0.008253860652773929,3,1.0086965599227549,Stagnant,-0.017736697476892355,nan,147.85714285714283,0.043290948304885,nan,nan,nan,nan
VLO,26346000000.0,45630000000.0,10118000000.0,Maybe,3.3356536530009273,3,14.02827212275268,Stagnant,0.770251964237334,nan,356.1428571428571,0.18318760137301074,nan,nan,nan,nan
VTR,9488058000.0,nan,13476890000.0,No,-0.9931913660727218,3,0.5330748071331077,Stagnant,0.19835735316906863,nan,-1.4285714285714286,-0.0015918497371186563,nan,nan,nan,nan
VLTO,1383000000.0,178000000.0,2629000000.0,No,0.052441334720633725,3,0.2206777340790185,Distributing More,0.03385374830770855,nan,48.71428571428571,0.031115978774980544,nan,nan,nan,nan
VRSN,-1581000000.0,-13386400000.0,1790200000.0,No,0.04929937272202556,3,0.5911429607125505,Stagnant,0.029390934844192636,nan,112.99999999999999,0.0430125082247282,nan,nan,nan,nan
VRSK,310000000.0,6416900000.0,2832200000.0,No,0.03345576538454805,3,0.7895053831355426,Stagnant,-0.01367890568754496,nan,59.857142857142854,0.015286391487410693,nan,nan,nan,nan
VZ,92430000000.0,82915000000.0,137701000000.0,No,-0.08873611089033369,3,0.9968951800465283,Stagnant,-0.21253105161468397,nan,39.42857142857142,0.06673114021447157,nan,nan,nan,nan
VRTX,17580400000.0,10142400000.0,724700000.0,Yes,0.12693380731297108,3,1.969738244031425,Stagnant,0.0775510204081633,nan,200.7142857142857,0.030026499394794286,nan,nan,nan,nan
VTRS,20467400000.0,4639700000.0,16188100000.0,No,-1.2177952388478703,3,1.1424972647669667,Stagnant,-0.6863905325443788,nan,0.7142857142857143,0.004277160119312901,nan,nan,nan,nan
VICI,25255931000.0,965762000.0,16724125000.0,No,0.22701291126487974,3,0.4306608294238054,Stagnant,0.46035805626598464,nan,35.42857142857142,0.07356867598202713,nan,nan,nan,nan
V,38733000000.0,18040000000.0,20463000000.0,Maybe,0.19223044526010047,3,1.3013334507342837,Stagnant,0.17095310136157332,nan,118.4285714285714,0.02984483683581801,nan,nan,nan,nan
VST,2831000000.0,-2613000000.0,12116000000.0,No,-1.714643558046367,3,2.891420272533325,Stagnant,-0.7355053174032459,nan,54.58907142857142,0.0504653319915057,nan,nan,nan,nan
VMC,7483400000.0,4615000000.0,3877300000.0,Maybe,0.20793252409717247,3,1.0858032740786885,Stagnant,0.17815699658703069,nan,100.28571428571426,0.029996154495647562,nan,nan,nan,nan
WRB,7455431000.0,11040908000.0,2831641000.0,Maybe,0.4409179456958093,3,0.8627539555450833,Stagnant,0.2863095407897527,nan,48.57142857142856,0.05760759020042931,nan,nan,nan,nan
GWW,3115000000.0,12162000000.0,2266000000.0,Maybe,0.4226175700349537,3,9.07465254155772,Stagnant,0.32196658449739796,nan,519.8571428571428,0.03862729209819295,nan,nan,nan,nan
WAB,10487000000.0,5269000000.0,3288000000.0,Yes,0.2796186041267443,3,0.8561979911212125,Stagnant,0.21651376146788992,nan,64.85714285714285,0.02775569968032759,nan,nan,nan,nan
WBA,20021000000.0,33058000000.0,8145000000.0,Maybe,1.2167245895191254,3,3.1950068466280315,Stagnant,1.5318352059925089,1.576034183557864,-50.99999999999999,-0.4070695340545445,2.4236492066478075,8031.823727612471,12658.4287510284,-19730.83971087913
WMT,83861000000.0,89814000000.0,36132000000.0,Maybe,0.08180706151135349,3,0.17677670001074094,Stagnant,0.08896478153889119,nan,27.428571428571423,0.02496748975165974,nan,nan,nan,nan
DIS,99277000000.0,46093000000.0,42101000000.0,Maybe,-0.45927017301130135,3,1.2990862173081508,Stagnant,1.2812500000000002,nan,18.428571428571427,0.014584511526380973,nan,nan,nan,nan
WBD,45226000000.0,-928000000.0,41889000000.0,No,-1.4259297477841644,3,2.302035783822658,Stagnant,1.7919075144508674,nan,-18.285714285714285,-0.17250673677072514,nan,nan,nan,nan
WM,6903000000.0,14334000000.0,15895000000.0,No,0.1749280369451529,3,0.8633184522527015,Stagnant,0.2365236523652365,1.795354422010604,81.28571428571428,0.027292786438062953,0.9118759718120641,279.77005402166986,502.28640363395056,10250.695899320053
WAT,1150341000.0,9150821000.0,2305513000.0,No,0.10312034795085638,3,1.301326246565403,Stagnant,0.058364839319470674,nan,155.28571428571425,0.032803211395636085,nan,nan,nan,nan
WEC,11724200000.0,7612800000.0,15366900000.0,No,0.037641046322541505,3,0.23685438564654024,Stagnant,0.07888805409466566,nan,60.28571428571428,0.04449130277162193,nan,nan,nan,nan
WFC,166287000000.0,201136000000.0,207569000000.0,No,3.6852183662302322,3,1.8470855421447054,Stagnant,0.48268398268398266,nan,69.71428571428571,0.0860973883861179,nan,nan,nan,nan
WELL,25404376000.0,-7628729000.0,15735549000.0,No,-0.047938971977493305,3,0.7876864858558892,Stagnant,0.28813559322033894,nan,9.428571428571429,0.005328596776583906,nan,nan,nan,nan
WST,2881000000.0,3523400000.0,72800000.0,Yes,0.266271373288452,3,1.5943415568817119,Stagnant,0.12415349887133183,nan,114.0,0.026732771896880423,nan,nan,nan,nan
WDC,10818000000.0,6775000000.0,5684000000.0,Maybe,-0.584253866588597,3,4.106685859668353,Stagnant,16.060606060606034,nan,-37.28571428571428,-0.04199517193757768,nan,nan,nan,nan
WY,10236000000.0,2009000000.0,5069000000.0,No,0.47796446579881957,3,1.0056683101301342,Stagnant,0.02952029520295198,nan,16.428571428571427,0.03810470471740778,nan,nan,nan,nan
WMB,12367000000.0,-12287000000.0,23376000000.0,No,2.4168375350140052,3,0.8767660748455085,Stagnant,-2.387475538160469,nan,37.28571428571428,0.05820695787507411,nan,nan,nan,nan
WTW,9520000000.0,1466000000.0,4567000000.0,No,0.8890649499864831,3,10.41790136015887,Stagnant,0.049406276505513144,nan,142.99999999999997,0.034061521143609566,nan,nan,nan,nan
WYNN,-251382000.0,-2066953000.0,11028744000.0,No,-1.278467083763128,3,9.221969353126262,Stagnant,-1.0344,nan,92.71428571428571,0.0839260293072139,nan,nan,nan,nan
XEL,17616000000.0,7858000000.0,24913000000.0,No,0.04823006207668409,3,0.17124543789543709,Distributing More,0.09218612818261632,0.42765529907936667,45.857142857142854,0.05058304516719447,0.15054532335192655,63.999796993053195,27.369852324082917,1265.2420743257294
XYL,10166000000.0,2601000000.0,2268000000.0,Yes,0.3128235438693549,3,0.5156549233741495,Stagnant,0.3608247422680413,nan,40.14285714285714,0.02192914010757363,nan,nan,nan,nan
YUM,-7858000000.0,-7616000000.0,11100000000.0,No,0.2909806713159671,3,1.029490165081726,Stagnant,0.2684630738522954,nan,81.14285714285712,0.04225561729930327,nan,nan,nan,nan
ZBRA,3036000000.0,4332000000.0,2047000000.0,Maybe,-0.04152855199782598,3,3.5951390793681406,Stagnant,-0.09269521410579344,nan,82.14285714285714,0.017487835199131847,nan,nan,nan,nan
ZBH,12480500000.0,10384500000.0,5012600000.0,Maybe,-0.28233748825350374,3,2.017342001248177,Stagnant,1.600725203102768,nan,70.14285714285714,0.04653587243473274,nan,nan,nan,nan
ZTS,4997000000.0,10295000000.0,6564000000.0,No,0.14158696128350132,3,0.5891943652140608,Stagnant,0.12893081761006292,nan,72.57142857142857,0.027099113507202344,nan,nan,nan,nan
